{
    "Data": [
        {
            "itemRow": 7142,
            "item": "10860",
            "saleItem": "10860",
            "descriptionLong": "Blank Gauge Insert 2\"",
            "descriptionShort": "Blank Gauge Insert 2\"",
            "categoryParent": "Instrumentation",
            "categoryChild": "Gauge",
            "image": "10860.jpg",
            "filterValue": [
                {
                    "filter": "Diameter",
                    "value": [
                        "2\""
                    ]
                },
                {
                    "filter": "Style",
                    "value": [
                        "Accessories"
                    ]
                }
            ]
        },
        {
            "itemRow": 120369,
            "item": "10860B",
            "saleItem": "10860",
            "descriptionLong": "BLANK GAUGE INSERT 2 IN BULK",
            "descriptionShort": "BLANK GAUGE INSERT 2 IN BULK",
            "categoryParent": "Instrumentation",
            "categoryChild": "Gauge",
            "image": null,
            "filterValue": [
                {
                    "filter": "Diameter",
                    "value": [
                        "2\""
                    ]
                },
                {
                    "filter": "Style",
                    "value": [
                        "Accessories"
                    ]
                }
            ]
        },
        {
            "itemRow": 30203,
            "item": "1502778",
            "saleItem": "1502778",
            "descriptionLong": "RUDDER ANGLE IND. SENDER, DUAL STA",
            "descriptionShort": "RUDDER ANGLE IND. SENDER, DUAL STA",
            "categoryParent": "Instrumentation",
            "categoryChild": "Senders",
            "image": "1502871.jpg",
            "filterValue": [
                {
                    "filter": "Style",
                    "value": [
                        "Other"
                    ]
                },
                {
                    "filter": "Type",
                    "value": [
                        "Sender"
                    ]
                }
            ]
        },
        {
            "itemRow": 7068,
            "item": "1507678P",
            "saleItem": "1507678P",
            "descriptionLong": "Magnetic Proximity Sender",
            "descriptionShort": "Magnetic Proximity Sender",
            "categoryParent": "Instrumentation",
            "categoryChild": "Senders",
            "image": "1507678P.jpg",
            "filterValue": [
                {
                    "filter": "Style",
                    "value": [
                        "Other"
                    ]
                },
                {
                    "filter": "Type",
                    "value": [
                        "Sender"
                    ]
                }
            ]
        },
        {
            "itemRow": 7137,
            "item": "1508370P",
            "saleItem": "1508370P",
            "descriptionLong": "Eng Synch Module, 4-Cycle Gas",
            "descriptionShort": "Eng Synch Module, 4-Cycle Gas",
            "categoryParent": "Instrumentation",
            "categoryChild": "Accessories",
            "image": "1508370P.jpg",
            "filterValue": [
                {
                    "filter": "Style",
                    "value": [
                        "Other"
                    ]
                },
                {
                    "filter": "Type",
                    "value": [
                        "Engine Synchronizer"
                    ]
                }
            ]
        },
        {
            "itemRow": 7008,
            "item": "57899P",
            "saleItem": "57899P",
            "descriptionLong": "Speedometer Kit, Amega 3\" 80 mph",
            "descriptionShort": "Speedo Kit, Amega 3\" 80 mph",
            "categoryParent": "Instrumentation",
            "categoryChild": "Gauge",
            "image": "57899P.JPG",
            "filterValue": [
                {
                    "filter": "Analog/Digital",
                    "value": [
                        "Analog"
                    ]
                },
                {
                    "filter": "Diameter",
                    "value": [
                        "3\""
                    ]
                },
                {
                    "filter": "Style",
                    "value": [
                        "Amega"
                    ]
                },
                {
                    "filter": "Type",
                    "value": [
                        "Speedometer"
                    ]
                }
            ]
        }
    ]
}