{
    "Data": [
        {
            "filter": "Diameter",
            "value": [
                "2\"",
                "3 or 4",
                "3\"",
                "5\""
            ]
        },
        {
            "filter": "Analog/Digital",
            "value": [
                "Analog",
                "Digital"
            ]
        },
        {
            "filter": "Style",
            "value": [
                "Accessories",
                "Amega",
                "Amega ",
                "Arctic",
                "Argent Pro",
                "Black Premier Pro",
                "Black Sterling",
                "Driftwood",
                "Eclipse",
                "Gold Sterling",
                "Heavy Duty",
                "lido",
                "Lido",
                "Lido Pro",
                "Matrix",
                "Other",
                "Sahara",
                "Sender",
                "Sterling",
                "Universal",
                "Vector",
                "white Premier Pro",
                "White Premier Pro"
            ]
        },
        {
            "filter": "Type",
            "value": [
                "Adapter",
                "Ammeter",
                "Battery Indicator",
                "Bezel",
                "Converter",
                "Engine Synchronizer",
                "Fuel",
                "Fuel ",
                "Fuel Sender",
                "Gauge Kit",
                "GPS ",
                "Harness",
                "Hourmeter",
                "Light Kit",
                "Multi-Gauge",
                "Oil Pressure",
                "Oil Temperature",
                "Pitot",
                "Sender",
                "Speedometer",
                "Systems Check",
                "Tach/Hour",
                "Tachometer",
                "Trim",
                "Voltmeter",
                "Warning Light",
                "Waste Level",
                "Water Level",
                "Water Pressure",
                "Water Temperature"
            ]
        }
    ],
    "Total": 4,
    "AggregateResults": null,
    "Errors": null
}