{
    "Data": [
        {
            "C_item_row": 190,
            "C_engine_row": 8879,
            "item": "118-1361",
            "sale_item": "18-1361",
            "desclong": "Rod Crank End Bearing",
            "descshort": "Rod Crank End Bearing",
            "C_cat1_row": 10,
            "cat1_name": "Internal Engine",
            "C_cat2_row": 148,
            "cat2_name": "Bearings",
            "C_pl_row": 1,
            "product_line": "Sierra ",
            "height": 5.1250,
            "width": 4.0000,
            "depth": 0.8750
        },
        {
            "C_item_row": 226,
            "C_engine_row": 8879,
            "item": "118-1395",
            "sale_item": "18-1395",
            "desclong": "Lower Crankshaft Bearing",
            "descshort": "Lower Crankshaft Bearing",
            "C_cat1_row": 10,
            "cat1_name": "Internal Engine",
            "C_cat2_row": 148,
            "cat2_name": "Bearings",
            "C_pl_row": 1,
            "product_line": "Sierra ",
            "height": 7.5000,
            "width": 6.0000,
            "depth": 0.7500
        },
        {
            "C_item_row": 228,
            "C_engine_row": 8879,
            "item": "118-1377",
            "sale_item": "18-1377",
            "desclong": "Center Main Bearing",
            "descshort": "Center Main Bearing",
            "C_cat1_row": 10,
            "cat1_name": "Internal Engine",
            "C_cat2_row": 148,
            "cat2_name": "Bearings",
            "C_pl_row": 1,
            "product_line": "Sierra ",
            "height": 7.1250,
            "width": 6.0000,
            "depth": 1.1250
        },
        {
            "C_item_row": 229,
            "C_engine_row": 8879,
            "item": "118-1353",
            "sale_item": "18-1353",
            "desclong": "Center Main Bearing",
            "descshort": "Center Main Bearing",
            "C_cat1_row": 10,
            "cat1_name": "Internal Engine",
            "C_cat2_row": 148,
            "cat2_name": "Bearings",
            "C_pl_row": 1,
            "product_line": "Sierra ",
            "height": 7.1250,
            "width": 6.0000,
            "depth": 1.3750
        },
        {
            "C_item_row": 249,
            "C_engine_row": 8879,
            "item": "118-1371",
            "sale_item": "18-1371",
            "desclong": "Thrust Foward Bearing",
            "descshort": "Thrust Foward Bearing",
            "C_cat1_row": 3,
            "cat1_name": "Drive Parts",
            "C_cat2_row": 26,
            "cat2_name": "Bearings",
            "C_pl_row": 1,
            "product_line": "Sierra ",
            "height": 7.1250,
            "width": 6.0000,
            "depth": 0.7500
        },
        {
            "C_item_row": 251,
            "C_engine_row": 8879,
            "item": "118-1365",
            "sale_item": "18-1365",
            "desclong": "Thrust Bearing",
            "descshort": "Thrust Bearing",
            "C_cat1_row": 3,
            "cat1_name": "Drive Parts",
            "C_cat2_row": 26,
            "cat2_name": "Bearings",
            "C_pl_row": 1,
            "product_line": "Sierra ",
            "height": 5.1250,
            "width": 4.0000,
            "depth": 0.5000
        },
        {
            "C_item_row": 254,
            "C_engine_row": 8879,
            "item": "118-1366",
            "sale_item": "18-1366",
            "desclong": "Thrust Bearing",
            "descshort": "Thrust Bearing",
            "C_cat1_row": 3,
            "cat1_name": "Drive Parts",
            "C_cat2_row": 26,
            "cat2_name": "Bearings",
            "C_pl_row": 1,
            "product_line": "Sierra ",
            "height": 5.1250,
            "width": 4.0000,
            "depth": 1.0000
        },
        {
            "C_item_row": 282,
            "C_engine_row": 8879,
            "item": "118-1357",
            "sale_item": "18-1357",
            "desclong": "Pinion Bearing",
            "descshort": "Pinion Bearing",
            "C_cat1_row": 3,
            "cat1_name": "Drive Parts",
            "C_cat2_row": 26,
            "cat2_name": "Bearings",
            "C_pl_row": 1,
            "product_line": "Sierra ",
            "height": 7.1250,
            "width": 6.0000,
            "depth": 1.7500
        },
        {
            "C_item_row": 314,
            "C_engine_row": 8879,
            "item": "118-1351",
            "sale_item": "18-1351",
            "desclong": "Carrier Bearing",
            "descshort": "Carrier Bearing",
            "C_cat1_row": 3,
            "cat1_name": "Drive Parts",
            "C_cat2_row": 26,
            "cat2_name": "Bearings",
            "C_pl_row": 1,
            "product_line": "Sierra ",
            "height": 5.1250,
            "width": 4.0000,
            "depth": 1.2500
        },
        {
            "C_item_row": 320,
            "C_engine_row": 8879,
            "item": "118-1350",
            "sale_item": "18-1350",
            "desclong": "Carrier Bearing",
            "descshort": "Carrier Bearing",
            "C_cat1_row": 3,
            "cat1_name": "Drive Parts",
            "C_cat2_row": 26,
            "cat2_name": "Bearings",
            "C_pl_row": 1,
            "product_line": "Sierra ",
            "height": 5.1250,
            "width": 4.0000,
            "depth": 1.0000
        },
        {
            "C_item_row": 526,
            "C_engine_row": 8879,
            "item": "118-7046",
            "sale_item": "18-7046",
            "desclong": "Carburetor Kit",
            "descshort": "Carburetor Kit",
            "C_cat1_row": 6,
            "cat1_name": "Fuel Systems",
            "C_cat2_row": 79,
            "cat2_name": "Carburetor Kits",
            "C_pl_row": 1,
            "product_line": "Sierra ",
            "height": 7.0000,
            "width": 6.3750,
            "depth": 1.6250
        },
        {
            "C_item_row": 626,
            "C_engine_row": 8879,
            "item": "118-8204-9",
            "sale_item": "18-8204-9",
            "desclong": "Snapper Clamp (Priced Per Pkg of 10)",
            "descshort": "Snapper Clamp (Priced Per Pkg of 10)",
            "C_cat1_row": 6,
            "cat1_name": "Fuel Systems",
            "C_cat2_row": 81,
            "cat2_name": "Clamps",
            "C_pl_row": 1,
            "product_line": "Sierra ",
            "height": 6.8800,
            "width": 1.9400,
            "depth": 1.5000
        },
        {
            "C_item_row": 635,
            "C_engine_row": 8879,
            "item": "118-8204",
            "sale_item": "18-8204",
            "desclong": "Snapper Clamp",
            "descshort": "Snapper Clamp",
            "C_cat1_row": 6,
            "cat1_name": "Fuel Systems",
            "C_cat2_row": 81,
            "cat2_name": "Clamps",
            "C_pl_row": 1,
            "product_line": "Sierra ",
            "height": 5.1250,
            "width": 4.0000,
            "depth": 1.5000
        },
        {
            "C_item_row": 657,
            "C_engine_row": 8879,
            "item": "118-2220",
            "sale_item": "18-2220",
            "desclong": "Sliding Clutch",
            "descshort": "Sliding Clutch",
            "C_cat1_row": 3,
            "cat1_name": "Drive Parts",
            "C_cat2_row": 29,
            "cat2_name": "Clutch",
            "C_pl_row": 1,
            "product_line": "Sierra ",
            "height": 7.5000,
            "width": 6.0000,
            "depth": 2.2500
        },
        {
            "C_item_row": 671,
            "C_engine_row": 8879,
            "item": "118-5176D",
            "sale_item": "18-5176D",
            "desclong": "Ignition Coil (Display Pack)",
            "descshort": "Ignition Coil (Display Pack)",
            "C_cat1_row": 8,
            "cat1_name": "Ignition Systems",
            "C_cat2_row": 97,
            "cat2_name": "Coils",
            "C_pl_row": 1,
            "product_line": "Sierra ",
            "height": 7.0000,
            "width": 4.8750,
            "depth": 1.7500
        },
        {
            "C_item_row": 676,
            "C_engine_row": 8879,
            "item": "118-5176",
            "sale_item": "18-5176",
            "desclong": "Ignition Coil",
            "descshort": "Ignition Coil",
            "C_cat1_row": 8,
            "cat1_name": "Ignition Systems",
            "C_cat2_row": 97,
            "cat2_name": "Coils",
            "C_pl_row": 1,
            "product_line": "Sierra ",
            "height": 7.1250,
            "width": 6.0000,
            "depth": 1.5000
        },
        {
            "C_item_row": 980,
            "C_engine_row": 8879,
            "item": "118-23781-9",
            "sale_item": "18-23781-9",
            "desclong": "Magnetic Drain Screw (Priced Per Pkg of 50)",
            "descshort": "Magnetic Drain Screw (Priced Per Pkg of 50)",
            "C_cat1_row": 3,
            "cat1_name": "Drive Parts",
            "C_cat2_row": 31,
            "cat2_name": "Drain Screw",
            "C_pl_row": 1,
            "product_line": "Sierra ",
            "height": 2.1300,
            "width": 3.7500,
            "depth": 1.7500
        },
        {
            "C_item_row": 982,
            "C_engine_row": 8879,
            "item": "118-2378",
            "sale_item": "18-2378",
            "desclong": "Magnetic Drain Screw",
            "descshort": "Magnetic Drain Screw",
            "C_cat1_row": 3,
            "cat1_name": "Drive Parts",
            "C_cat2_row": 31,
            "cat2_name": "Drain Screw",
            "C_pl_row": 1,
            "product_line": "Sierra ",
            "height": 5.1300,
            "width": 4.0000,
            "depth": 0.5000
        },
        {
            "C_item_row": 984,
            "C_engine_row": 8879,
            "item": "118-23871-9",
            "sale_item": "18-23871-9",
            "desclong": "Lower Unit Drain/Fill Screw (Priced Per Pkg of 50)",
            "descshort": "Lower Unit Drain/Fill Screw (Priced Per Pkg of 50)",
            "C_cat1_row": 3,
            "cat1_name": "Drive Parts",
            "C_cat2_row": 31,
            "cat2_name": "Drain Screw",
            "C_pl_row": 1,
            "product_line": "Sierra ",
            "height": 2.1300,
            "width": 3.7500,
            "depth": 1.7500
        },
        {
            "C_item_row": 985,
            "C_engine_row": 8879,
            "item": "118-2387",
            "sale_item": "18-2387",
            "desclong": "Lower Unit Drain/Fill Screw",
            "descshort": "Lower Unit Drain/Fill Screw",
            "C_cat1_row": 3,
            "cat1_name": "Drive Parts",
            "C_cat2_row": 31,
            "cat2_name": "Drain Screw",
            "C_pl_row": 1,
            "product_line": "Sierra ",
            "height": 5.0000,
            "width": 2.8750,
            "depth": 1.1250
        },
        {
            "C_item_row": 988,
            "C_engine_row": 8879,
            "item": "118-4249",
            "sale_item": "18-4249",
            "desclong": "E-Tec Drain Screw w/ Magnet",
            "descshort": "E-Tec Drain Screw w/Magnet",
            "C_cat1_row": 3,
            "cat1_name": "Drive Parts",
            "C_cat2_row": 31,
            "cat2_name": "Drain Screw",
            "C_pl_row": 1,
            "product_line": "Sierra ",
            "height": 5.1250,
            "width": 4.0000,
            "depth": 0.2500
        },
        {
            "C_item_row": 989,
            "C_engine_row": 8879,
            "item": "118-4255",
            "sale_item": "18-4255",
            "desclong": "E-Tec Drain Screw",
            "descshort": "E-Tec Drain Screw",
            "C_cat1_row": 3,
            "cat1_name": "Drive Parts",
            "C_cat2_row": 31,
            "cat2_name": "Drain Screw",
            "C_pl_row": 1,
            "product_line": "Sierra ",
            "height": 5.1250,
            "width": 4.0000,
            "depth": 0.2500
        },
        {
            "C_item_row": 1389,
            "C_engine_row": 8879,
            "item": "118-7826",
            "sale_item": "18-7826",
            "desclong": "Fuel Filter",
            "descshort": "Fuel Filter",
            "C_cat1_row": 6,
            "cat1_name": "Fuel Systems",
            "C_cat2_row": 86,
            "cat2_name": "Gas Filters",
            "C_pl_row": 1,
            "product_line": "Sierra ",
            "height": 5.1250,
            "width": 4.0000,
            "depth": 1.0000
        },
        {
            "C_item_row": 1497,
            "C_engine_row": 8879,
            "item": "118-4303-1",
            "sale_item": "18-4303-1",
            "desclong": "Powerhead Gasket Set",
            "descshort": "Powerhead Gasket Set",
            "C_cat1_row": 10,
            "cat1_name": "Internal Engine",
            "C_cat2_row": 115,
            "cat2_name": "Gaskets/Matl/Sets",
            "C_pl_row": 1,
            "product_line": "Sierra ",
            "height": 13.0000,
            "width": 10.0000,
            "depth": 1.2500
        },
        {
            "C_item_row": 1547,
            "C_engine_row": 8879,
            "item": "118-2864-9",
            "sale_item": "18-2864-9",
            "desclong": "Powerhead Base Gasket (Priced Per Pkg of 2)",
            "descshort": "Powerhead Base Gasket (Priced Per Pkg of 2)",
            "C_cat1_row": 10,
            "cat1_name": "Internal Engine",
            "C_cat2_row": 115,
            "cat2_name": "Gaskets/Matl/Sets",
            "C_pl_row": 1,
            "product_line": "Sierra ",
            "height": 13.0000,
            "width": 10.0000,
            "depth": 0.1300
        },
        {
            "C_item_row": 1550,
            "C_engine_row": 8879,
            "item": "118-2864",
            "sale_item": "18-2864",
            "desclong": "Powerhead Base Gasket",
            "descshort": "Powerhead Base Gasket",
            "C_cat1_row": 10,
            "cat1_name": "Internal Engine",
            "C_cat2_row": 115,
            "cat2_name": "Gaskets/Matl/Sets",
            "C_pl_row": 1,
            "product_line": "Sierra ",
            "height": 13.0000,
            "width": 10.0000,
            "depth": 0.0600
        },
        {
            "C_item_row": 1622,
            "C_engine_row": 8879,
            "item": "118-2956",
            "sale_item": "18-2956",
            "desclong": "Head Gasket",
            "descshort": "Head Gasket",
            "C_cat1_row": 10,
            "cat1_name": "Internal Engine",
            "C_cat2_row": 115,
            "cat2_name": "Gaskets/Matl/Sets",
            "C_pl_row": 1,
            "product_line": "Sierra ",
            "height": 11.5000,
            "width": 6.2500,
            "depth": 1.0630
        },
        {
            "C_item_row": 1650,
            "C_engine_row": 8879,
            "item": "118-3898",
            "sale_item": "18-3898",
            "desclong": "Head Gasket",
            "descshort": "Head Gasket",
            "C_cat1_row": 10,
            "cat1_name": "Internal Engine",
            "C_cat2_row": 115,
            "cat2_name": "Gaskets/Matl/Sets",
            "C_pl_row": 1,
            "product_line": "Sierra ",
            "height": 0.1250,
            "width": 6.2500,
            "depth": 11.2500
        },
        {
            "C_item_row": 1810,
            "C_engine_row": 8879,
            "item": "118-2867-9",
            "sale_item": "18-2867-9",
            "desclong": "Manifold to Crankcase Gasket (Priced Per Pkg of 2)",
            "descshort": "Manifold to Crankcase Gasket (Priced Per Pkg of 2)",
            "C_cat1_row": 10,
            "cat1_name": "Internal Engine",
            "C_cat2_row": 115,
            "cat2_name": "Gaskets/Matl/Sets",
            "C_pl_row": 1,
            "product_line": "Sierra ",
            "height": 13.0000,
            "width": 10.0000,
            "depth": 1.0310
        },
        {
            "C_item_row": 1811,
            "C_engine_row": 8879,
            "item": "118-2867",
            "sale_item": "18-2867",
            "desclong": "Manifold to Crankcase Gasket",
            "descshort": "Manifold to Crankcase Gasket",
            "C_cat1_row": 10,
            "cat1_name": "Internal Engine",
            "C_cat2_row": 115,
            "cat2_name": "Gaskets/Matl/Sets",
            "C_pl_row": 1,
            "product_line": "Sierra ",
            "height": 13.0000,
            "width": 10.0000,
            "depth": 0.0600
        },
        {
            "C_item_row": 1814,
            "C_engine_row": 8879,
            "item": "118-0991-9",
            "sale_item": "18-0991-9",
            "desclong": "Leaf Plate Gasket (Priced Per Pkg of 2)",
            "descshort": "Leaf Plate Gasket (Priced Per Pkg of 2)",
            "C_cat1_row": 10,
            "cat1_name": "Internal Engine",
            "C_cat2_row": 115,
            "cat2_name": "Gaskets/Matl/Sets",
            "C_pl_row": 1,
            "product_line": "Sierra ",
            "height": 5.1250,
            "width": 4.0000,
            "depth": 1.1250
        },
        {
            "C_item_row": 1817,
            "C_engine_row": 8879,
            "item": "118-0991",
            "sale_item": "18-0991",
            "desclong": "Leaf Plate Gasket",
            "descshort": "Leaf Plate Gasket",
            "C_cat1_row": 10,
            "cat1_name": "Internal Engine",
            "C_cat2_row": 115,
            "cat2_name": "Gaskets/Matl/Sets",
            "C_pl_row": 1,
            "product_line": "Sierra ",
            "height": 5.1250,
            "width": 4.0000,
            "depth": 1.1250
        },
        {
            "C_item_row": 1829,
            "C_engine_row": 8879,
            "item": "118-0999-9",
            "sale_item": "18-0999-9",
            "desclong": "Inner Exhaust Gasket (Priced Per Pkg of 2)",
            "descshort": "Inner Exhaust Gasket (Priced Per Pkg of 2)",
            "C_cat1_row": 2,
            "cat1_name": "Cooling Systems",
            "C_cat2_row": 8,
            "cat2_name": "Gaskets/Matl/Sets",
            "C_pl_row": 1,
            "product_line": "Sierra ",
            "height": 7.1300,
            "width": 6.0000,
            "depth": 1.1300
        },
        {
            "C_item_row": 1991,
            "C_engine_row": 8879,
            "item": "118-0117",
            "sale_item": "18-0117",
            "desclong": "Exhaust Plate Gasket",
            "descshort": "Exhaust Plate Gasket",
            "C_cat1_row": 10,
            "cat1_name": "Internal Engine",
            "C_cat2_row": 115,
            "cat2_name": "Gaskets/Matl/Sets",
            "C_pl_row": 1,
            "product_line": "Sierra ",
            "height": 13.0000,
            "width": 10.0000,
            "depth": 0.0600
        },
        {
            "C_item_row": 2004,
            "C_engine_row": 8879,
            "item": "118-0892",
            "sale_item": "18-0892",
            "desclong": "Deflector Hose",
            "descshort": "Deflector Hose",
            "C_cat1_row": 10,
            "cat1_name": "Internal Engine",
            "C_cat2_row": 115,
            "cat2_name": "Gaskets/Matl/Sets",
            "C_pl_row": 1,
            "product_line": "Sierra ",
            "height": 5.1250,
            "width": 4.0000,
            "depth": 0.5000
        },
        {
            "C_item_row": 2044,
            "C_engine_row": 8879,
            "item": "118-2876-9",
            "sale_item": "18-2876-9",
            "desclong": "Bypass Cover Gasket (Priced Per Pkg of 2)",
            "descshort": "Bypass Cover Gasket (Priced Per Pkg of 2)",
            "C_cat1_row": 10,
            "cat1_name": "Internal Engine",
            "C_cat2_row": 115,
            "cat2_name": "Gaskets/Matl/Sets",
            "C_pl_row": 1,
            "product_line": "Sierra ",
            "height": 7.1250,
            "width": 6.0000,
            "depth": 1.2500
        },
        {
            "C_item_row": 2046,
            "C_engine_row": 8879,
            "item": "118-2876",
            "sale_item": "18-2876",
            "desclong": "Bypass Cover Gasket",
            "descshort": "Bypass Cover Gasket",
            "C_cat1_row": 10,
            "cat1_name": "Internal Engine",
            "C_cat2_row": 115,
            "cat2_name": "Gaskets/Matl/Sets",
            "C_pl_row": 1,
            "product_line": "Sierra ",
            "height": 7.5000,
            "width": 6.0000,
            "depth": 1.2500
        },
        {
            "C_item_row": 2075,
            "C_engine_row": 8879,
            "item": "118-2857-9",
            "sale_item": "18-2857-9",
            "desclong": "Air Silencer Gasket (Priced Per Pkg of 2)",
            "descshort": "Air Silencer Gasket (Priced Per Pkg of 2)",
            "C_cat1_row": 10,
            "cat1_name": "Internal Engine",
            "C_cat2_row": 115,
            "cat2_name": "Gaskets/Matl/Sets",
            "C_pl_row": 1,
            "product_line": "Sierra ",
            "height": 7.5000,
            "width": 6.0000,
            "depth": 1.1250
        },
        {
            "C_item_row": 2077,
            "C_engine_row": 8879,
            "item": "118-0985",
            "sale_item": "18-0985",
            "desclong": "Air Silencer Gasket",
            "descshort": "Air Silencer Gasket",
            "C_cat1_row": 10,
            "cat1_name": "Internal Engine",
            "C_cat2_row": 115,
            "cat2_name": "Gaskets/Matl/Sets",
            "C_pl_row": 1,
            "product_line": "Sierra ",
            "height": 13.0000,
            "width": 10.0000,
            "depth": 0.0600
        },
        {
            "C_item_row": 2079,
            "C_engine_row": 8879,
            "item": "118-2857",
            "sale_item": "18-2857",
            "desclong": "Air Silencer Gasket",
            "descshort": "Air Silencer Gasket",
            "C_cat1_row": 10,
            "cat1_name": "Internal Engine",
            "C_cat2_row": 115,
            "cat2_name": "Gaskets/Matl/Sets",
            "C_pl_row": 1,
            "product_line": "Sierra ",
            "height": 7.5000,
            "width": 6.0000,
            "depth": 1.1250
        },
        {
            "C_item_row": 2118,
            "C_engine_row": 8879,
            "item": "118-0850-9",
            "sale_item": "18-0850-9",
            "desclong": "Fuel Pump Gasket (Priced Per Pkg of 2)",
            "descshort": "Fuel Pump Gasket (Priced Per Pkg of 2)",
            "C_cat1_row": 6,
            "cat1_name": "Fuel Systems",
            "C_cat2_row": 530,
            "cat2_name": "Gaskets/Matl/Sets",
            "C_pl_row": 1,
            "product_line": "Sierra ",
            "height": 5.1250,
            "width": 4.0000,
            "depth": 1.1250
        },
        {
            "C_item_row": 2123,
            "C_engine_row": 8879,
            "item": "118-0850",
            "sale_item": "18-0850",
            "desclong": "Fuel Pump Gasket",
            "descshort": "Fuel Pump Gasket",
            "C_cat1_row": 6,
            "cat1_name": "Fuel Systems",
            "C_cat2_row": 530,
            "cat2_name": "Gaskets/Matl/Sets",
            "C_pl_row": 1,
            "product_line": "Sierra ",
            "height": 5.1250,
            "width": 4.0000,
            "depth": 1.1250
        },
        {
            "C_item_row": 2170,
            "C_engine_row": 8879,
            "item": "118-0973-9",
            "sale_item": "18-0973-9",
            "desclong": "Carburetor Mounting Gasket (Priced Per Pkg of 2)",
            "descshort": "Carburetor Mounting Gasket (Priced Per Pkg of 2)",
            "C_cat1_row": 6,
            "cat1_name": "Fuel Systems",
            "C_cat2_row": 530,
            "cat2_name": "Gaskets/Matl/Sets",
            "C_pl_row": 1,
            "product_line": "Sierra ",
            "height": 7.1250,
            "width": 6.0000,
            "depth": 0.2500
        },
        {
            "C_item_row": 2191,
            "C_engine_row": 8879,
            "item": "118-0973",
            "sale_item": "18-0973",
            "desclong": "Carburetor Mounting Gasket",
            "descshort": "Carburetor Mounting Gasket",
            "C_cat1_row": 6,
            "cat1_name": "Fuel Systems",
            "C_cat2_row": 530,
            "cat2_name": "Gaskets/Matl/Sets",
            "C_pl_row": 1,
            "product_line": "Sierra ",
            "height": 7.1250,
            "width": 6.0000,
            "depth": 0.0100
        },
        {
            "C_item_row": 2251,
            "C_engine_row": 8879,
            "item": "118-2595",
            "sale_item": "18-2595",
            "desclong": "Shift Rod Wear Plate Gasket Set",
            "descshort": "Shift Rod Wear Plate Gasket Set",
            "C_cat1_row": 3,
            "cat1_name": "Drive Parts",
            "C_cat2_row": 33,
            "cat2_name": "Gaskets/Matl/Sets",
            "C_pl_row": 1,
            "product_line": "Sierra ",
            "height": 7.5000,
            "width": 6.0000,
            "depth": 1.0310
        },
        {
            "C_item_row": 2255,
            "C_engine_row": 8879,
            "item": "118-0110-9",
            "sale_item": "18-0110-9",
            "desclong": "Shift Housing Gasket (Priced Per Pkg of 2)",
            "descshort": "Shift Housing Gasket (Priced Per Pkg of 2)",
            "C_cat1_row": 3,
            "cat1_name": "Drive Parts",
            "C_cat2_row": 33,
            "cat2_name": "Gaskets/Matl/Sets",
            "C_pl_row": 1,
            "product_line": "Sierra ",
            "height": 7.5000,
            "width": 6.0000,
            "depth": 1.1250
        },
        {
            "C_item_row": 2257,
            "C_engine_row": 8879,
            "item": "118-0110",
            "sale_item": "18-0110",
            "desclong": "Shift Housing Gasket",
            "descshort": "Shift Housing Gasket",
            "C_cat1_row": 3,
            "cat1_name": "Drive Parts",
            "C_cat2_row": 33,
            "cat2_name": "Gaskets/Matl/Sets",
            "C_pl_row": 1,
            "product_line": "Sierra ",
            "height": 7.5000,
            "width": 6.0000,
            "depth": 1.1250
        },
        {
            "C_item_row": 2324,
            "C_engine_row": 8879,
            "item": "118-42481-9",
            "sale_item": "18-42481-9",
            "desclong": "Drain/Fill Plug Washer (Priced Per Pkg of 50)",
            "descshort": "Drain/Fill Plug Washer (Priced Per Pkg of 50)",
            "C_cat1_row": 3,
            "cat1_name": "Drive Parts",
            "C_cat2_row": 510,
            "cat2_name": "Hardware",
            "C_pl_row": 1,
            "product_line": "Sierra ",
            "height": 5.1250,
            "width": 4.0000,
            "depth": 1.0000
        },
        {
            "C_item_row": 2325,
            "C_engine_row": 8879,
            "item": "118-4248-9",
            "sale_item": "18-4248-9",
            "desclong": "Drain/Fill Plug Washer (Priced Per Pkg of 5)",
            "descshort": "Drain/Fill Plug Washer (Priced Per Pkg of 5)",
            "C_cat1_row": 3,
            "cat1_name": "Drive Parts",
            "C_cat2_row": 510,
            "cat2_name": "Hardware",
            "C_pl_row": 1,
            "product_line": "Sierra ",
            "height": 5.1250,
            "width": 4.0000,
            "depth": 0.2500
        },
        {
            "C_item_row": 2326,
            "C_engine_row": 8879,
            "item": "118-4248",
            "sale_item": "18-4248",
            "desclong": "Drain/Fill Plug Washer",
            "descshort": "Drain/Fill Plug Washer",
            "C_cat1_row": 3,
            "cat1_name": "Drive Parts",
            "C_cat2_row": 510,
            "cat2_name": "Hardware",
            "C_pl_row": 1,
            "product_line": "Sierra ",
            "height": 5.1250,
            "width": 4.0000,
            "depth": 0.5000
        },
        {
            "C_item_row": 2413,
            "C_engine_row": 8879,
            "item": "118-0953-9",
            "sale_item": "18-0953-9",
            "desclong": "Water Passage Gasket (Priced Per Pkg of 2)",
            "descshort": "Water Passage Gasket (Priced Per Pkg of 2)",
            "C_cat1_row": 2,
            "cat1_name": "Cooling Systems",
            "C_cat2_row": 8,
            "cat2_name": "Gaskets/Matl/Sets",
            "C_pl_row": 1,
            "product_line": "Sierra ",
            "height": 11.2500,
            "width": 6.0000,
            "depth": 1.1300
        },
        {
            "C_item_row": 2415,
            "C_engine_row": 8879,
            "item": "118-0953",
            "sale_item": "18-0953",
            "desclong": "Water Passage Gasket",
            "descshort": "Water Passage Gasket",
            "C_cat1_row": 2,
            "cat1_name": "Cooling Systems",
            "C_cat2_row": 8,
            "cat2_name": "Gaskets/Matl/Sets",
            "C_pl_row": 1,
            "product_line": "Sierra ",
            "height": 11.2500,
            "width": 6.0000,
            "depth": 1.1250
        },
        {
            "C_item_row": 2419,
            "C_engine_row": 8879,
            "item": "118-2873-9",
            "sale_item": "18-2873-9",
            "desclong": "Water Jacket Gasket (Priced Per Pkg of 2)",
            "descshort": "Water Jacket Gasket (Priced Per Pkg of 2)",
            "C_cat1_row": 2,
            "cat1_name": "Cooling Systems",
            "C_cat2_row": 8,
            "cat2_name": "Gaskets/Matl/Sets",
            "C_pl_row": 1,
            "product_line": "Sierra ",
            "height": 13.0000,
            "width": 10.0000,
            "depth": 1.2500
        },
        {
            "C_item_row": 2424,
            "C_engine_row": 8879,
            "item": "118-2873",
            "sale_item": "18-2873",
            "desclong": "Water Jacket Gasket",
            "descshort": "Water Jacket Gasket",
            "C_cat1_row": 2,
            "cat1_name": "Cooling Systems",
            "C_cat2_row": 8,
            "cat2_name": "Gaskets/Matl/Sets",
            "C_pl_row": 1,
            "product_line": "Sierra ",
            "height": 13.0000,
            "width": 10.0000,
            "depth": 1.2500
        },
        {
            "C_item_row": 2465,
            "C_engine_row": 8879,
            "item": "118-0977-9",
            "sale_item": "18-0977-9",
            "desclong": "Thermostat Gasket (Priced Per Pkg of 2)",
            "descshort": "Thermostat Gasket (Priced Per Pkg of 2)",
            "C_cat1_row": 2,
            "cat1_name": "Cooling Systems",
            "C_cat2_row": 8,
            "cat2_name": "Gaskets/Matl/Sets",
            "C_pl_row": 1,
            "product_line": "Sierra ",
            "height": 7.1300,
            "width": 6.0000,
            "depth": 0.0700
        },
        {
            "C_item_row": 2477,
            "C_engine_row": 8879,
            "item": "118-0977",
            "sale_item": "18-0977",
            "desclong": "Thermostat Gasket",
            "descshort": "Thermostat Gasket",
            "C_cat1_row": 2,
            "cat1_name": "Cooling Systems",
            "C_cat2_row": 8,
            "cat2_name": "Gaskets/Matl/Sets",
            "C_pl_row": 1,
            "product_line": "Sierra ",
            "height": 7.1250,
            "width": 6.0000,
            "depth": 1.0630
        },
        {
            "C_item_row": 2487,
            "C_engine_row": 8879,
            "item": "118-0675",
            "sale_item": "18-0675",
            "desclong": "Thermostat Gasket",
            "descshort": "Thermostat Gasket",
            "C_cat1_row": 2,
            "cat1_name": "Cooling Systems",
            "C_cat2_row": 8,
            "cat2_name": "Gaskets/Matl/Sets",
            "C_pl_row": 1,
            "product_line": "Sierra ",
            "height": 5.1250,
            "width": 4.0000,
            "depth": 1.1250
        },
        {
            "C_item_row": 2598,
            "C_engine_row": 8879,
            "item": "118-2557-9",
            "sale_item": "18-2557-9",
            "desclong": "Impeller Gasket (Priced Per Pkg of 2)",
            "descshort": "Impeller Gasket (Priced Per Pkg of 2)",
            "C_cat1_row": 2,
            "cat1_name": "Cooling Systems",
            "C_cat2_row": 8,
            "cat2_name": "Gaskets/Matl/Sets",
            "C_pl_row": 1,
            "product_line": "Sierra ",
            "height": 7.1250,
            "width": 6.0000,
            "depth": 0.1880
        },
        {
            "C_item_row": 2608,
            "C_engine_row": 8879,
            "item": "118-2557",
            "sale_item": "18-2557",
            "desclong": "Impeller Gasket",
            "descshort": "Impeller Gasket",
            "C_cat1_row": 2,
            "cat1_name": "Cooling Systems",
            "C_cat2_row": 8,
            "cat2_name": "Gaskets/Matl/Sets",
            "C_pl_row": 1,
            "product_line": "Sierra ",
            "height": 7.1250,
            "width": 6.0000,
            "depth": 0.1880
        },
        {
            "C_item_row": 2623,
            "C_engine_row": 8879,
            "item": "118-2703-9",
            "sale_item": "18-2703-9",
            "desclong": "Grommet (Priced Per Pkg of 2)",
            "descshort": "Grommet (Priced Per Pkg of 2)",
            "C_cat1_row": 2,
            "cat1_name": "Cooling Systems",
            "C_cat2_row": 16,
            "cat2_name": "Miscellaneous",
            "C_pl_row": 1,
            "product_line": "Sierra ",
            "height": 5.1300,
            "width": 4.0000,
            "depth": 0.7500
        },
        {
            "C_item_row": 2624,
            "C_engine_row": 8879,
            "item": "118-2706-9",
            "sale_item": "18-2706-9",
            "desclong": "Grommet (Priced Per Pkg of 2)",
            "descshort": "Grommet (Priced Per Pkg of 2)",
            "C_cat1_row": 2,
            "cat1_name": "Cooling Systems",
            "C_cat2_row": 16,
            "cat2_name": "Miscellaneous",
            "C_pl_row": 1,
            "product_line": "Sierra ",
            "height": 5.1250,
            "width": 4.0000,
            "depth": 0.5000
        },
        {
            "C_item_row": 2628,
            "C_engine_row": 8879,
            "item": "118-2391",
            "sale_item": "18-2391",
            "desclong": "Grommet (V4 Crossflow)",
            "descshort": "Grommet",
            "C_cat1_row": 2,
            "cat1_name": "Cooling Systems",
            "C_cat2_row": 16,
            "cat2_name": "Miscellaneous",
            "C_pl_row": 1,
            "product_line": "Sierra ",
            "height": 5.1250,
            "width": 4.0000,
            "depth": 0.7500
        },
        {
            "C_item_row": 2631,
            "C_engine_row": 8879,
            "item": "118-2704",
            "sale_item": "18-2704",
            "desclong": "Grommet",
            "descshort": "Grommet",
            "C_cat1_row": 2,
            "cat1_name": "Cooling Systems",
            "C_cat2_row": 16,
            "cat2_name": "Miscellaneous",
            "C_pl_row": 1,
            "product_line": "Sierra ",
            "height": 5.1250,
            "width": 4.0000,
            "depth": 0.3750
        },
        {
            "C_item_row": 2634,
            "C_engine_row": 8879,
            "item": "118-2706",
            "sale_item": "18-2706",
            "desclong": "Grommet",
            "descshort": "Grommet",
            "C_cat1_row": 2,
            "cat1_name": "Cooling Systems",
            "C_cat2_row": 16,
            "cat2_name": "Miscellaneous",
            "C_pl_row": 1,
            "product_line": "Sierra ",
            "height": 5.1250,
            "width": 4.0000,
            "depth": 1.2500
        },
        {
            "C_item_row": 2636,
            "C_engine_row": 8879,
            "item": "118-2703",
            "sale_item": "18-2703",
            "desclong": "Grommet",
            "descshort": "Grommet",
            "C_cat1_row": 2,
            "cat1_name": "Cooling Systems",
            "C_cat2_row": 16,
            "cat2_name": "Miscellaneous",
            "C_pl_row": 1,
            "product_line": "Sierra ",
            "height": 5.1250,
            "width": 4.0000,
            "depth": 0.7500
        },
        {
            "C_item_row": 2710,
            "C_engine_row": 8879,
            "item": "118-0102",
            "sale_item": "18-0102",
            "desclong": "Exhaust Manifold Gasket",
            "descshort": "Exhaust Manifold Gasket",
            "C_cat1_row": 2,
            "cat1_name": "Cooling Systems",
            "C_cat2_row": 8,
            "cat2_name": "Gaskets/Matl/Sets",
            "C_pl_row": 1,
            "product_line": "Sierra ",
            "height": 13.0000,
            "width": 10.0000,
            "depth": 0.0630
        },
        {
            "C_item_row": 2765,
            "C_engine_row": 8879,
            "item": "118-2866-9",
            "sale_item": "18-2866-9",
            "desclong": "Exhaust Cover Gasket (Priced Per Pkg of 2)",
            "descshort": "Exhaust Cover Gasket (Priced Per Pkg of 2)",
            "C_cat1_row": 2,
            "cat1_name": "Cooling Systems",
            "C_cat2_row": 8,
            "cat2_name": "Gaskets/Matl/Sets",
            "C_pl_row": 1,
            "product_line": "Sierra ",
            "height": 0.1300,
            "width": 10.0000,
            "depth": 13.0000
        },
        {
            "C_item_row": 2773,
            "C_engine_row": 8879,
            "item": "118-2866",
            "sale_item": "18-2866",
            "desclong": "Exhaust Cover Gasket",
            "descshort": "Exhaust Cover Gasket",
            "C_cat1_row": 2,
            "cat1_name": "Cooling Systems",
            "C_cat2_row": 8,
            "cat2_name": "Gaskets/Matl/Sets",
            "C_pl_row": 1,
            "product_line": "Sierra ",
            "height": 13.0000,
            "width": 10.0000,
            "depth": 1.2500
        },
        {
            "C_item_row": 2854,
            "C_engine_row": 8879,
            "item": "118-2219",
            "sale_item": "18-2219",
            "desclong": "Reverse Gear",
            "descshort": "Reverse Gear",
            "C_cat1_row": 3,
            "cat1_name": "Drive Parts",
            "C_cat2_row": 34,
            "cat2_name": "Gear Set/Kit",
            "C_pl_row": 1,
            "product_line": "Sierra ",
            "height": 2.6300,
            "width": 4.8800,
            "depth": 4.5000
        },
        {
            "C_item_row": 2864,
            "C_engine_row": 8879,
            "item": "118-2221",
            "sale_item": "18-2221",
            "desclong": "Gear Set",
            "descshort": "Gear Set",
            "C_cat1_row": 3,
            "cat1_name": "Drive Parts",
            "C_cat2_row": 34,
            "cat2_name": "Gear Set/Kit",
            "C_pl_row": 1,
            "product_line": "Sierra ",
            "height": 4.7500,
            "width": 7.0000,
            "depth": 3.5000
        },
        {
            "C_item_row": 2925,
            "C_engine_row": 8879,
            "item": "118-2377-9",
            "sale_item": "18-2377-9",
            "desclong": "Retainer Screw (Priced Per Pkg of 5)",
            "descshort": "Retainer Screw (Priced Per Pkg of 5)",
            "C_cat1_row": 12,
            "cat1_name": "Other",
            "C_cat2_row": 131,
            "cat2_name": "Hardware",
            "C_pl_row": 1,
            "product_line": "Sierra ",
            "height": 5.1250,
            "width": 4.0000,
            "depth": 1.0000
        },
        {
            "C_item_row": 2926,
            "C_engine_row": 8879,
            "item": "118-2377",
            "sale_item": "18-2377",
            "desclong": "Retainer Screw",
            "descshort": "Retainer Screw",
            "C_cat1_row": 12,
            "cat1_name": "Other",
            "C_cat2_row": 131,
            "cat2_name": "Hardware",
            "C_pl_row": 1,
            "product_line": "Sierra ",
            "height": 5.1250,
            "width": 4.0000,
            "depth": 0.7500
        },
        {
            "C_item_row": 2942,
            "C_engine_row": 8879,
            "item": "118-3742-9",
            "sale_item": "18-3742-9",
            "desclong": "Cotter Pin (Priced Per Pkg of 10)",
            "descshort": "Cotter Pin (Priced Per Pkg of 10)",
            "C_cat1_row": 12,
            "cat1_name": "Other",
            "C_cat2_row": 131,
            "cat2_name": "Hardware",
            "C_pl_row": 1,
            "product_line": "Sierra ",
            "height": 5.1300,
            "width": 4.0000,
            "depth": 0.2500
        },
        {
            "C_item_row": 2943,
            "C_engine_row": 8879,
            "item": "118-3744-9",
            "sale_item": "18-3744-9",
            "desclong": "Cotter Pin (Priced Per Pkg of 10)",
            "descshort": "Cotter Pin (Priced Per Pkg of 10)",
            "C_cat1_row": 12,
            "cat1_name": "Other",
            "C_cat2_row": 131,
            "cat2_name": "Hardware",
            "C_pl_row": 1,
            "product_line": "Sierra ",
            "height": 5.1250,
            "width": 4.0000,
            "depth": 0.5000
        },
        {
            "C_item_row": 2952,
            "C_engine_row": 8879,
            "item": "118-3742",
            "sale_item": "18-3742",
            "desclong": "Cotter Pin",
            "descshort": "Cotter Pin",
            "C_cat1_row": 12,
            "cat1_name": "Other",
            "C_cat2_row": 131,
            "cat2_name": "Hardware",
            "C_pl_row": 1,
            "product_line": "Sierra ",
            "height": 5.1250,
            "width": 4.0000,
            "depth": 0.5000
        },
        {
            "C_item_row": 2956,
            "C_engine_row": 8879,
            "item": "118-3744",
            "sale_item": "18-3744",
            "desclong": "Cotter Pin",
            "descshort": "Cotter Pin",
            "C_cat1_row": 12,
            "cat1_name": "Other",
            "C_cat2_row": 131,
            "cat2_name": "Hardware",
            "C_pl_row": 1,
            "product_line": "Sierra ",
            "height": 5.1250,
            "width": 4.0000,
            "depth": 0.5000
        },
        {
            "C_item_row": 3028,
            "C_engine_row": 8879,
            "item": "118-70936",
            "sale_item": "18-70936",
            "desclong": "Hose (Cylinder Head, Starboard)",
            "descshort": "Hose, Cylinder Head Starboard",
            "C_cat1_row": 2,
            "cat1_name": "Cooling Systems",
            "C_cat2_row": 9,
            "cat2_name": "Hose",
            "C_pl_row": 1,
            "product_line": "Sierra ",
            "height": 7.5000,
            "width": 6.0000,
            "depth": 1.0000
        },
        {
            "C_item_row": 3084,
            "C_engine_row": 8879,
            "item": "118-3059-10",
            "sale_item": "18-3059-10",
            "desclong": "Impeller (Priced Per Package)(Includes 18-3299 Impeller Key)",
            "descshort": "Impeller (Priced Per Package)",
            "C_cat1_row": 2,
            "cat1_name": "Cooling Systems",
            "C_cat2_row": 11,
            "cat2_name": "Impeller",
            "C_pl_row": 1,
            "product_line": "Sierra ",
            "height": 8.0000,
            "width": 10.2500,
            "depth": 4.0000
        },
        {
            "C_item_row": 3090,
            "C_engine_row": 8879,
            "item": "118-3059",
            "sale_item": "18-3059",
            "desclong": "Impeller (w/ Key)",
            "descshort": "Impeller",
            "C_cat1_row": 2,
            "cat1_name": "Cooling Systems",
            "C_cat2_row": 11,
            "cat2_name": "Impeller",
            "C_pl_row": 1,
            "product_line": "Sierra ",
            "height": 7.1250,
            "width": 6.0000,
            "depth": 1.3130
        },
        {
            "C_item_row": 3189,
            "C_engine_row": 8879,
            "item": "118-3346",
            "sale_item": "18-3346",
            "desclong": "Cup & Plate Assembly",
            "descshort": "Cup & Plate Assembly",
            "C_cat1_row": 2,
            "cat1_name": "Cooling Systems",
            "C_cat2_row": 12,
            "cat2_name": "Impeller Cup",
            "C_pl_row": 1,
            "product_line": "Sierra ",
            "height": 9.3125,
            "width": 6.0000,
            "depth": 1.5000
        },
        {
            "C_item_row": 3225,
            "C_engine_row": 8879,
            "item": "118-3211D",
            "sale_item": "18-3211D",
            "desclong": "Impeller Kit (Display Pack)",
            "descshort": "Impeller Kit (Display Pack)",
            "C_cat1_row": 2,
            "cat1_name": "Cooling Systems",
            "C_cat2_row": 14,
            "cat2_name": "Impeller Kit",
            "C_pl_row": 1,
            "product_line": "Sierra ",
            "height": 10.0000,
            "width": 5.8750,
            "depth": 1.7500
        },
        {
            "C_item_row": 3239,
            "C_engine_row": 8879,
            "item": "118-3211",
            "sale_item": "18-3211",
            "desclong": "Impeller Kit",
            "descshort": "Impeller Kit",
            "C_cat1_row": 2,
            "cat1_name": "Cooling Systems",
            "C_cat2_row": 14,
            "cat2_name": "Impeller Kit",
            "C_pl_row": 1,
            "product_line": "Sierra ",
            "height": 11.2500,
            "width": 6.0000,
            "depth": 1.5000
        },
        {
            "C_item_row": 3587,
            "C_engine_row": 8879,
            "item": "118-4290-9",
            "sale_item": "18-4290-9",
            "desclong": "Circlips (Priced Per Pkg of 2)",
            "descshort": "Circlips (Priced Per Pkg of 2)",
            "C_cat1_row": 10,
            "cat1_name": "Internal Engine",
            "C_cat2_row": 117,
            "cat2_name": "Miscellaneous",
            "C_pl_row": 1,
            "product_line": "Sierra ",
            "height": 5.1250,
            "width": 4.0000,
            "depth": 0.1500
        },
        {
            "C_item_row": 3592,
            "C_engine_row": 8879,
            "item": "118-4290",
            "sale_item": "18-4290",
            "desclong": "Circlips",
            "descshort": "Circlips",
            "C_cat1_row": 10,
            "cat1_name": "Internal Engine",
            "C_cat2_row": 117,
            "cat2_name": "Miscellaneous",
            "C_pl_row": 1,
            "product_line": "Sierra ",
            "height": 5.1250,
            "width": 4.0000,
            "depth": 0.1250
        },
        {
            "C_item_row": 3672,
            "C_engine_row": 8879,
            "item": "118-2399",
            "sale_item": "18-2399",
            "desclong": "Retaining Spring",
            "descshort": "Retaining Spring",
            "C_cat1_row": 3,
            "cat1_name": "Drive Parts",
            "C_cat2_row": 510,
            "cat2_name": "Hardware",
            "C_pl_row": 1,
            "product_line": "Sierra ",
            "height": 5.1250,
            "width": 4.0000,
            "depth": 0.2500
        },
        {
            "C_item_row": 3685,
            "C_engine_row": 8879,
            "item": "118-3719",
            "sale_item": "18-3719",
            "desclong": "Pinion Nut",
            "descshort": "Pinion Nut",
            "C_cat1_row": 3,
            "cat1_name": "Drive Parts",
            "C_cat2_row": 510,
            "cat2_name": "Hardware",
            "C_pl_row": 1,
            "product_line": "Sierra ",
            "height": 5.1250,
            "width": 4.0000,
            "depth": 0.2500
        },
        {
            "C_item_row": 3703,
            "C_engine_row": 8879,
            "item": "118-0198",
            "sale_item": "18-0198",
            "desclong": "Foward Gear Thrust Washer",
            "descshort": "Foward Gear Thrust Washer",
            "C_cat1_row": 3,
            "cat1_name": "Drive Parts",
            "C_cat2_row": 26,
            "cat2_name": "Bearings",
            "C_pl_row": 1,
            "product_line": "Sierra ",
            "height": 7.5000,
            "width": 6.0000,
            "depth": 0.2500
        },
        {
            "C_item_row": 3707,
            "C_engine_row": 8879,
            "item": "118-3290",
            "sale_item": "18-3290",
            "desclong": "Elbow [Pipe Thread to Hose Barb]",
            "descshort": "Elbow [Pipe Thread to Hose Barb]",
            "C_cat1_row": 3,
            "cat1_name": "Drive Parts",
            "C_cat2_row": 510,
            "cat2_name": "Hardware",
            "C_pl_row": 1,
            "product_line": "Sierra ",
            "height": 5.1250,
            "width": 4.0000,
            "depth": 0.2500
        },
        {
            "C_item_row": 3721,
            "C_engine_row": 8879,
            "item": "118-1501",
            "sale_item": "18-1501",
            "desclong": "Detent Ball",
            "descshort": "Detent Ball",
            "C_cat1_row": 3,
            "cat1_name": "Drive Parts",
            "C_cat2_row": 37,
            "cat2_name": "Miscellaneous",
            "C_pl_row": 1,
            "product_line": "Sierra ",
            "height": 5.1250,
            "width": 4.0000,
            "depth": 0.2500
        },
        {
            "C_item_row": 3747,
            "C_engine_row": 8879,
            "item": "118-3564",
            "sale_item": "18-3564",
            "desclong": "Poppet Relief Valve (V4 Crossflow)",
            "descshort": "Poppet Relief Valve",
            "C_cat1_row": 2,
            "cat1_name": "Cooling Systems",
            "C_cat2_row": 16,
            "cat2_name": "Miscellaneous",
            "C_pl_row": 1,
            "product_line": "Sierra ",
            "height": 5.1250,
            "width": 4.0000,
            "depth": 0.8750
        },
        {
            "C_item_row": 3774,
            "C_engine_row": 8879,
            "item": "118-1243",
            "sale_item": "18-1243",
            "desclong": "Valve Spring (V4/V6 Crossflow)",
            "descshort": "Valve Spring",
            "C_cat1_row": 2,
            "cat1_name": "Cooling Systems",
            "C_cat2_row": 16,
            "cat2_name": "Miscellaneous",
            "C_pl_row": 1,
            "product_line": "Sierra ",
            "height": 5.1250,
            "width": 4.0000,
            "depth": 0.3750
        },
        {
            "C_item_row": 3778,
            "C_engine_row": 8879,
            "item": "118-3135-9",
            "sale_item": "18-3135-9",
            "desclong": "Stainless Steel Bolt (Priced Per Pkg of 2)",
            "descshort": "Stainless Steel Bolt (Priced Per Pkg of 2)",
            "C_cat1_row": 2,
            "cat1_name": "Cooling Systems",
            "C_cat2_row": 16,
            "cat2_name": "Miscellaneous",
            "C_pl_row": 1,
            "product_line": "Sierra ",
            "height": 5.1300,
            "width": 4.0000,
            "depth": 0.5000
        },
        {
            "C_item_row": 3779,
            "C_engine_row": 8879,
            "item": "118-3136-9",
            "sale_item": "18-3136-9",
            "desclong": "Stainless Steel Bolt (Priced Per Pkg of 2)",
            "descshort": "Stainless Steel Bolt (Priced Per Pkg of 2)",
            "C_cat1_row": 2,
            "cat1_name": "Cooling Systems",
            "C_cat2_row": 16,
            "cat2_name": "Miscellaneous",
            "C_pl_row": 1,
            "product_line": "Sierra ",
            "height": 5.1300,
            "width": 4.0000,
            "depth": 0.5000
        },
        {
            "C_item_row": 3782,
            "C_engine_row": 8879,
            "item": "118-3136",
            "sale_item": "18-3136",
            "desclong": "Stainless Steel Bolt (Priced Per Piece)",
            "descshort": "Stainless Steel Bolt",
            "C_cat1_row": 2,
            "cat1_name": "Cooling Systems",
            "C_cat2_row": 16,
            "cat2_name": "Miscellaneous",
            "C_pl_row": 1,
            "product_line": "Sierra ",
            "height": 5.1250,
            "width": 4.0000,
            "depth": 0.7500
        },
        {
            "C_item_row": 3783,
            "C_engine_row": 8879,
            "item": "118-3135",
            "sale_item": "18-3135",
            "desclong": "Stainless Steel Bolt (Priced Per Piece)",
            "descshort": "Stainless Steel Bolt",
            "C_cat1_row": 2,
            "cat1_name": "Cooling Systems",
            "C_cat2_row": 16,
            "cat2_name": "Miscellaneous",
            "C_pl_row": 1,
            "product_line": "Sierra ",
            "height": 5.1300,
            "width": 4.0000,
            "depth": 0.5000
        },
        {
            "C_item_row": 4009,
            "C_engine_row": 8879,
            "item": "118-7510-9",
            "sale_item": "18-7510-9",
            "desclong": "O-Ring (Priced Per Pkg of 5)",
            "descshort": "O-Ring (Priced Per Pkg of 5)",
            "C_cat1_row": 13,
            "cat1_name": "Seal, O-Ring",
            "C_cat2_row": 144,
            "cat2_name": "O-Ring",
            "C_pl_row": 1,
            "product_line": "Sierra ",
            "height": 5.1250,
            "width": 4.0000,
            "depth": 0.7500
        },
        {
            "C_item_row": 4011,
            "C_engine_row": 8879,
            "item": "118-7137-9",
            "sale_item": "18-7137-9",
            "desclong": "O-Ring (Priced Per Pkg of 5)",
            "descshort": "O-Ring (Priced Per Pkg of 5)",
            "C_cat1_row": 13,
            "cat1_name": "Seal, O-Ring",
            "C_cat2_row": 144,
            "cat2_name": "O-Ring",
            "C_pl_row": 1,
            "product_line": "Sierra ",
            "height": 5.1300,
            "width": 4.0000,
            "depth": 0.2500
        },
        {
            "C_item_row": 4013,
            "C_engine_row": 8879,
            "item": "118-7133-9",
            "sale_item": "18-7133-9",
            "desclong": "O-Ring (Priced Per Pkg of 5)",
            "descshort": "O-Ring (Priced Per Pkg of 5)",
            "C_cat1_row": 13,
            "cat1_name": "Seal, O-Ring",
            "C_cat2_row": 144,
            "cat2_name": "O-Ring",
            "C_pl_row": 1,
            "product_line": "Sierra ",
            "height": 7.1250,
            "width": 6.0000,
            "depth": 1.1250
        },
        {
            "C_item_row": 4021,
            "C_engine_row": 8879,
            "item": "118-7109-9",
            "sale_item": "18-7109-9",
            "desclong": "O-Ring (Priced Per Pkg of 5)",
            "descshort": "O-Ring (Priced Per Pkg of 5)",
            "C_cat1_row": 13,
            "cat1_name": "Seal, O-Ring",
            "C_cat2_row": 144,
            "cat2_name": "O-Ring",
            "C_pl_row": 1,
            "product_line": "Sierra ",
            "height": 5.1300,
            "width": 4.0000,
            "depth": 0.1300
        },
        {
            "C_item_row": 4026,
            "C_engine_row": 8879,
            "item": "118-7141-9",
            "sale_item": "18-7141-9",
            "desclong": "O-Ring (Priced Per Pkg of 5)",
            "descshort": "O-Ring (Priced Per Pkg of 5)",
            "C_cat1_row": 13,
            "cat1_name": "Seal, O-Ring",
            "C_cat2_row": 144,
            "cat2_name": "O-Ring",
            "C_pl_row": 1,
            "product_line": "Sierra ",
            "height": 5.1250,
            "width": 4.0000,
            "depth": 1.0310
        },
        {
            "C_item_row": 4030,
            "C_engine_row": 8879,
            "item": "118-7168-9",
            "sale_item": "18-7168-9",
            "desclong": "O-Ring (Priced Per Pkg of 5)",
            "descshort": "O-Ring (Priced Per Pkg of 5)",
            "C_cat1_row": 13,
            "cat1_name": "Seal, O-Ring",
            "C_cat2_row": 144,
            "cat2_name": "O-Ring",
            "C_pl_row": 1,
            "product_line": "Sierra ",
            "height": 5.1250,
            "width": 4.0000,
            "depth": 1.1250
        },
        {
            "C_item_row": 4033,
            "C_engine_row": 8879,
            "item": "118-7158-9",
            "sale_item": "18-7158-9",
            "desclong": "O-Ring (Priced Per Pkg of 5)",
            "descshort": "O-Ring (Priced Per Pkg of 5)",
            "C_cat1_row": 13,
            "cat1_name": "Seal, O-Ring",
            "C_cat2_row": 144,
            "cat2_name": "O-Ring",
            "C_pl_row": 1,
            "product_line": "Sierra ",
            "height": 4.0000,
            "width": 4.0000,
            "depth": 1.1250
        },
        {
            "C_item_row": 4038,
            "C_engine_row": 8879,
            "item": "118-7165-9",
            "sale_item": "18-7165-9",
            "desclong": "O-Ring (Priced Per Pkg of 5)",
            "descshort": "O-Ring (Priced Per Pkg of 5)",
            "C_cat1_row": 13,
            "cat1_name": "Seal, O-Ring",
            "C_cat2_row": 144,
            "cat2_name": "O-Ring",
            "C_pl_row": 1,
            "product_line": "Sierra ",
            "height": 5.1250,
            "width": 4.0000,
            "depth": 1.1250
        },
        {
            "C_item_row": 4042,
            "C_engine_row": 8879,
            "item": "118-7174-9",
            "sale_item": "18-7174-9",
            "desclong": "O-Ring (Priced Per Pkg of 5)",
            "descshort": "O-Ring (Priced Per Pkg of 5)",
            "C_cat1_row": 13,
            "cat1_name": "Seal, O-Ring",
            "C_cat2_row": 144,
            "cat2_name": "O-Ring",
            "C_pl_row": 1,
            "product_line": "Sierra ",
            "height": 5.1250,
            "width": 4.0000,
            "depth": 1.1250
        },
        {
            "C_item_row": 4061,
            "C_engine_row": 8879,
            "item": "118-7102-9",
            "sale_item": "18-7102-9",
            "desclong": "O-Ring (Priced Per Pkg of 5)",
            "descshort": "O-Ring (Priced Per Pkg of 5)",
            "C_cat1_row": 13,
            "cat1_name": "Seal, O-Ring",
            "C_cat2_row": 144,
            "cat2_name": "O-Ring",
            "C_pl_row": 1,
            "product_line": "Sierra ",
            "height": 5.1250,
            "width": 4.0000,
            "depth": 1.0630
        },
        {
            "C_item_row": 4113,
            "C_engine_row": 8879,
            "item": "118-7150-9",
            "sale_item": "18-7150-9",
            "desclong": "O-Ring (Priced Per Pkg of 10)",
            "descshort": "O-Ring (Priced Per Pkg of 10)",
            "C_cat1_row": 13,
            "cat1_name": "Seal, O-Ring",
            "C_cat2_row": 144,
            "cat2_name": "O-Ring",
            "C_pl_row": 1,
            "product_line": "Sierra ",
            "height": 3.9000,
            "width": 5.0500,
            "depth": 0.3000
        },
        {
            "C_item_row": 4117,
            "C_engine_row": 8879,
            "item": "118-7137",
            "sale_item": "18-7137",
            "desclong": "O-Ring",
            "descshort": "O-Ring",
            "C_cat1_row": 13,
            "cat1_name": "Seal, O-Ring",
            "C_cat2_row": 144,
            "cat2_name": "O-Ring",
            "C_pl_row": 1,
            "product_line": "Sierra ",
            "height": 5.1250,
            "width": 4.0000,
            "depth": 1.5000
        },
        {
            "C_item_row": 4118,
            "C_engine_row": 8879,
            "item": "118-7510",
            "sale_item": "18-7510",
            "desclong": "O-Ring",
            "descshort": "O-Ring",
            "C_cat1_row": 13,
            "cat1_name": "Seal, O-Ring",
            "C_cat2_row": 144,
            "cat2_name": "O-Ring",
            "C_pl_row": 1,
            "product_line": "Sierra ",
            "height": 5.1250,
            "width": 4.0000,
            "depth": 0.5000
        },
        {
            "C_item_row": 4126,
            "C_engine_row": 8879,
            "item": "118-7127",
            "sale_item": "18-7127",
            "desclong": "O-Ring",
            "descshort": "O-Ring",
            "C_cat1_row": 13,
            "cat1_name": "Seal, O-Ring",
            "C_cat2_row": 144,
            "cat2_name": "O-Ring",
            "C_pl_row": 1,
            "product_line": "Sierra ",
            "height": 7.1250,
            "width": 6.0000,
            "depth": 1.1250
        },
        {
            "C_item_row": 4127,
            "C_engine_row": 8879,
            "item": "118-7133",
            "sale_item": "18-7133",
            "desclong": "O-Ring",
            "descshort": "O-Ring",
            "C_cat1_row": 13,
            "cat1_name": "Seal, O-Ring",
            "C_cat2_row": 144,
            "cat2_name": "O-Ring",
            "C_pl_row": 1,
            "product_line": "Sierra ",
            "height": 7.5000,
            "width": 6.0000,
            "depth": 1.1250
        },
        {
            "C_item_row": 4137,
            "C_engine_row": 8879,
            "item": "118-7141",
            "sale_item": "18-7141",
            "desclong": "O-Ring",
            "descshort": "O-Ring",
            "C_cat1_row": 13,
            "cat1_name": "Seal, O-Ring",
            "C_cat2_row": 144,
            "cat2_name": "O-Ring",
            "C_pl_row": 1,
            "product_line": "Sierra ",
            "height": 5.1250,
            "width": 4.0000,
            "depth": 1.0310
        },
        {
            "C_item_row": 4144,
            "C_engine_row": 8879,
            "item": "118-7130",
            "sale_item": "18-7130",
            "desclong": "O-Ring",
            "descshort": "O-Ring",
            "C_cat1_row": 13,
            "cat1_name": "Seal, O-Ring",
            "C_cat2_row": 144,
            "cat2_name": "O-Ring",
            "C_pl_row": 1,
            "product_line": "Sierra ",
            "height": 5.1250,
            "width": 4.0000,
            "depth": 1.1250
        },
        {
            "C_item_row": 4146,
            "C_engine_row": 8879,
            "item": "118-7168",
            "sale_item": "18-7168",
            "desclong": "O-Ring",
            "descshort": "O-Ring",
            "C_cat1_row": 13,
            "cat1_name": "Seal, O-Ring",
            "C_cat2_row": 144,
            "cat2_name": "O-Ring",
            "C_pl_row": 1,
            "product_line": "Sierra ",
            "height": 5.1300,
            "width": 4.0000,
            "depth": 0.1300
        },
        {
            "C_item_row": 4147,
            "C_engine_row": 8879,
            "item": "118-7109",
            "sale_item": "18-7109",
            "desclong": "O-Ring",
            "descshort": "O-Ring",
            "C_cat1_row": 13,
            "cat1_name": "Seal, O-Ring",
            "C_cat2_row": 144,
            "cat2_name": "O-Ring",
            "C_pl_row": 1,
            "product_line": "Sierra ",
            "height": 5.1250,
            "width": 4.0000,
            "depth": 1.1250
        },
        {
            "C_item_row": 4157,
            "C_engine_row": 8879,
            "item": "118-7158",
            "sale_item": "18-7158",
            "desclong": "O-Ring",
            "descshort": "O-Ring",
            "C_cat1_row": 13,
            "cat1_name": "Seal, O-Ring",
            "C_cat2_row": 144,
            "cat2_name": "O-Ring",
            "C_pl_row": 1,
            "product_line": "Sierra ",
            "height": 5.1250,
            "width": 4.0000,
            "depth": 1.1250
        },
        {
            "C_item_row": 4158,
            "C_engine_row": 8879,
            "item": "118-7165",
            "sale_item": "18-7165",
            "desclong": "O-Ring",
            "descshort": "O-Ring",
            "C_cat1_row": 13,
            "cat1_name": "Seal, O-Ring",
            "C_cat2_row": 144,
            "cat2_name": "O-Ring",
            "C_pl_row": 1,
            "product_line": "Sierra ",
            "height": 5.1250,
            "width": 4.0000,
            "depth": 1.1250
        },
        {
            "C_item_row": 4164,
            "C_engine_row": 8879,
            "item": "118-7174",
            "sale_item": "18-7174",
            "desclong": "O-Ring",
            "descshort": "O-Ring",
            "C_cat1_row": 13,
            "cat1_name": "Seal, O-Ring",
            "C_cat2_row": 144,
            "cat2_name": "O-Ring",
            "C_pl_row": 1,
            "product_line": "Sierra ",
            "height": 5.1250,
            "width": 4.0000,
            "depth": 1.1250
        },
        {
            "C_item_row": 4175,
            "C_engine_row": 8879,
            "item": "118-7150",
            "sale_item": "18-7150",
            "desclong": "O-Ring",
            "descshort": "O-Ring",
            "C_cat1_row": 13,
            "cat1_name": "Seal, O-Ring",
            "C_cat2_row": 144,
            "cat2_name": "O-Ring",
            "C_pl_row": 1,
            "product_line": "Sierra ",
            "height": 5.1250,
            "width": 4.0000,
            "depth": 1.1250
        },
        {
            "C_item_row": 4193,
            "C_engine_row": 8879,
            "item": "118-7120",
            "sale_item": "18-7120",
            "desclong": "O-Ring",
            "descshort": "O-Ring",
            "C_cat1_row": 13,
            "cat1_name": "Seal, O-Ring",
            "C_cat2_row": 144,
            "cat2_name": "O-Ring",
            "C_pl_row": 1,
            "product_line": "Sierra ",
            "height": 5.1250,
            "width": 4.0000,
            "depth": 1.1250
        },
        {
            "C_item_row": 4222,
            "C_engine_row": 8879,
            "item": "118-7457",
            "sale_item": "18-7457",
            "desclong": "O-Ring",
            "descshort": "O-Ring",
            "C_cat1_row": 13,
            "cat1_name": "Seal, O-Ring",
            "C_cat2_row": 144,
            "cat2_name": "O-Ring",
            "C_pl_row": 1,
            "product_line": "Sierra ",
            "height": 5.1300,
            "width": 4.0000,
            "depth": 0.1300
        },
        {
            "C_item_row": 4233,
            "C_engine_row": 8879,
            "item": "118-7102",
            "sale_item": "18-7102",
            "desclong": "O-Ring",
            "descshort": "O-Ring",
            "C_cat1_row": 13,
            "cat1_name": "Seal, O-Ring",
            "C_cat2_row": 144,
            "cat2_name": "O-Ring",
            "C_pl_row": 1,
            "product_line": "Sierra ",
            "height": 5.1250,
            "width": 4.0000,
            "depth": 1.0630
        },
        {
            "C_item_row": 4364,
            "C_engine_row": 8879,
            "item": "118-4110",
            "sale_item": "18-4110",
            "desclong": "Piston Kit",
            "descshort": "Piston Kit",
            "C_cat1_row": 10,
            "cat1_name": "Internal Engine",
            "C_cat2_row": 120,
            "cat2_name": "Piston",
            "C_pl_row": 1,
            "product_line": "Sierra ",
            "height": 5.3800,
            "width": 5.3800,
            "depth": 5.3800
        },
        {
            "C_item_row": 4516,
            "C_engine_row": 8879,
            "item": "118-3906",
            "sale_item": "18-3906",
            "desclong": "Piston Rings",
            "descshort": "Piston Rings",
            "C_cat1_row": 10,
            "cat1_name": "Internal Engine",
            "C_cat2_row": 121,
            "cat2_name": "Piston Rings",
            "C_pl_row": 1,
            "product_line": "Sierra ",
            "height": 3.0630,
            "width": 3.0630,
            "depth": 0.6250
        },
        {
            "C_item_row": 4637,
            "C_engine_row": 8879,
            "item": "118-5750-9",
            "sale_item": "18-5750-9",
            "desclong": "Universal Spark Plug Boot (Priced Per Pkg of 10)",
            "descshort": "Universal Spark Plug Boot",
            "C_cat1_row": 8,
            "cat1_name": "Ignition Systems",
            "C_cat2_row": 108,
            "cat2_name": "Plug Wires",
            "C_pl_row": 1,
            "product_line": "Sierra ",
            "height": 7.1250,
            "width": 6.0000,
            "depth": 2.2500
        },
        {
            "C_item_row": 4638,
            "C_engine_row": 8879,
            "item": "118-5750",
            "sale_item": "18-5750",
            "desclong": "Universal Spark Plug Boot",
            "descshort": "Universal Spark Plug Boot",
            "C_cat1_row": 8,
            "cat1_name": "Ignition Systems",
            "C_cat2_row": 108,
            "cat2_name": "Plug Wires",
            "C_pl_row": 1,
            "product_line": "Sierra ",
            "height": 7.1250,
            "width": 6.0000,
            "depth": 1.5000
        },
        {
            "C_item_row": 4717,
            "C_engine_row": 8879,
            "item": "118-6761",
            "sale_item": "18-6761",
            "desclong": "Tilt/Trim Motor (Motor Only)",
            "descshort": "Tilt/Trim Motor",
            "C_cat1_row": 5,
            "cat1_name": "Electrical Systems",
            "C_cat2_row": 848,
            "cat2_name": "Tilt/Trim Motor",
            "C_pl_row": 1,
            "product_line": "Sierra ",
            "height": 5.0000,
            "width": 5.0000,
            "depth": 9.0000
        },
        {
            "C_item_row": 4820,
            "C_engine_row": 8879,
            "item": "118-4222",
            "sale_item": "18-4222",
            "desclong": "Thrust Washer",
            "descshort": "Thrust Washer",
            "C_cat1_row": 3,
            "cat1_name": "Drive Parts",
            "C_cat2_row": 40,
            "cat2_name": "Prop Nut/Kit",
            "C_pl_row": 1,
            "product_line": "Sierra ",
            "height": 7.1250,
            "width": 6.0000,
            "depth": 0.7500
        },
        {
            "C_item_row": 4827,
            "C_engine_row": 8879,
            "item": "118-0195",
            "sale_item": "18-0195",
            "desclong": "Thrust Washer",
            "descshort": "Thrust Washer",
            "C_cat1_row": 3,
            "cat1_name": "Drive Parts",
            "C_cat2_row": 26,
            "cat2_name": "Bearings",
            "C_pl_row": 1,
            "product_line": "Sierra ",
            "height": 5.1250,
            "width": 4.0000,
            "depth": 0.2500
        },
        {
            "C_item_row": 4836,
            "C_engine_row": 8879,
            "item": "118-4228",
            "sale_item": "18-4228",
            "desclong": "Prop Spacer",
            "descshort": "Prop Spacer",
            "C_cat1_row": 3,
            "cat1_name": "Drive Parts",
            "C_cat2_row": 510,
            "cat2_name": "Hardware",
            "C_pl_row": 1,
            "product_line": "Sierra ",
            "height": 5.1250,
            "width": 4.0000,
            "depth": 0.2500
        },
        {
            "C_item_row": 4867,
            "C_engine_row": 8879,
            "item": "118-3705-9",
            "sale_item": "18-3705-9",
            "desclong": "Prop Nut (Priced Per Pkg of 5)",
            "descshort": "Prop Nut (Priced Per Pkg of 5)",
            "C_cat1_row": 3,
            "cat1_name": "Drive Parts",
            "C_cat2_row": 40,
            "cat2_name": "Prop Nut/Kit",
            "C_pl_row": 1,
            "product_line": "Sierra ",
            "height": 7.5000,
            "width": 6.0000,
            "depth": 1.5000
        },
        {
            "C_item_row": 4873,
            "C_engine_row": 8879,
            "item": "118-3705",
            "sale_item": "18-3705",
            "desclong": "Prop Nut",
            "descshort": "Prop Nut",
            "C_cat1_row": 3,
            "cat1_name": "Drive Parts",
            "C_cat2_row": 40,
            "cat2_name": "Prop Nut/Kit",
            "C_pl_row": 1,
            "product_line": "Sierra ",
            "height": 7.5000,
            "width": 6.0000,
            "depth": 1.5000
        },
        {
            "C_item_row": 4940,
            "C_engine_row": 8879,
            "item": "118-3392",
            "sale_item": "18-3392",
            "desclong": "Water Pump Kit With Housing",
            "descshort": "Water Pump Kit With Housing",
            "C_cat1_row": 2,
            "cat1_name": "Cooling Systems",
            "C_cat2_row": 506,
            "cat2_name": "Pump/Pump Kits",
            "C_pl_row": 1,
            "product_line": "Sierra ",
            "height": 5.3800,
            "width": 5.3800,
            "depth": 5.3800
        },
        {
            "C_item_row": 5021,
            "C_engine_row": 8879,
            "item": "118-3391",
            "sale_item": "18-3391",
            "desclong": "Water Pump Kit With Housing",
            "descshort": "Water Pump Kit With Housing",
            "C_cat1_row": 2,
            "cat1_name": "Cooling Systems",
            "C_cat2_row": 506,
            "cat2_name": "Pump/Pump Kits",
            "C_pl_row": 1,
            "product_line": "Sierra ",
            "height": 5.3750,
            "width": 5.3750,
            "depth": 5.3750
        },
        {
            "C_item_row": 5097,
            "C_engine_row": 8879,
            "item": "118-7352",
            "sale_item": "18-7352",
            "desclong": "Fuel Pump",
            "descshort": "Fuel Pump",
            "C_cat1_row": 6,
            "cat1_name": "Fuel Systems",
            "C_cat2_row": 91,
            "cat2_name": "Pump/Pump Kits",
            "C_pl_row": 1,
            "product_line": "Sierra ",
            "height": 2.5000,
            "width": 3.6250,
            "depth": 2.7500
        },
        {
            "C_item_row": 5266,
            "C_engine_row": 8879,
            "item": "118-4075-9",
            "sale_item": "18-4075-9",
            "desclong": "Rod Bolt (Priced Per Pkg of 12)",
            "descshort": "Rod Bolt (Priced Per Pkg of 12",
            "C_cat1_row": 10,
            "cat1_name": "Internal Engine",
            "C_cat2_row": 123,
            "cat2_name": "Rod Bolt",
            "C_pl_row": 1,
            "product_line": "Sierra ",
            "height": 5.1250,
            "width": 4.0000,
            "depth": 1.0000
        },
        {
            "C_item_row": 5267,
            "C_engine_row": 8879,
            "item": "118-4075",
            "sale_item": "18-4075",
            "desclong": "Rod Bolt",
            "descshort": "Rod Bolt",
            "C_cat1_row": 10,
            "cat1_name": "Internal Engine",
            "C_cat2_row": 123,
            "cat2_name": "Rod Bolt",
            "C_pl_row": 1,
            "product_line": "Sierra ",
            "height": 5.1250,
            "width": 4.0000,
            "depth": 0.6250
        },
        {
            "C_item_row": 5364,
            "C_engine_row": 8879,
            "item": "118-5634",
            "sale_item": "18-5634",
            "desclong": "Outboard Starter",
            "descshort": "Outboard Starter",
            "C_cat1_row": 5,
            "cat1_name": "Electrical Systems",
            "C_cat2_row": 844,
            "cat2_name": "Outboard Starter",
            "C_pl_row": 1,
            "product_line": "Sierra ",
            "height": 4.2500,
            "width": 4.0000,
            "depth": 10.5000
        },
        {
            "C_item_row": 5434,
            "C_engine_row": 8879,
            "item": "118-5697",
            "sale_item": "18-5697",
            "desclong": "Brush & Spring Kit",
            "descshort": "Brush & Spring Kit",
            "C_cat1_row": 5,
            "cat1_name": "Electrical Systems",
            "C_cat2_row": 843,
            "cat2_name": "Starter Components",
            "C_pl_row": 1,
            "product_line": "Sierra ",
            "height": 0.7500,
            "width": 4.0000,
            "depth": 2.7500
        },
        {
            "C_item_row": 5522,
            "C_engine_row": 8879,
            "item": "118-2001",
            "sale_item": "18-2001",
            "desclong": "Oil Seal",
            "descshort": "Oil Seal",
            "C_cat1_row": 13,
            "cat1_name": "Seal, O-Ring",
            "C_cat2_row": 544,
            "cat2_name": "Seal Kits, Oil Seals",
            "C_pl_row": 1,
            "product_line": "Sierra ",
            "height": 5.1250,
            "width": 4.0000,
            "depth": 0.2500
        },
        {
            "C_item_row": 5526,
            "C_engine_row": 8879,
            "item": "118-2026",
            "sale_item": "18-2026",
            "desclong": "Oil Seal",
            "descshort": "Oil Seal",
            "C_cat1_row": 13,
            "cat1_name": "Seal, O-Ring",
            "C_cat2_row": 544,
            "cat2_name": "Seal Kits, Oil Seals",
            "C_pl_row": 1,
            "product_line": "Sierra ",
            "height": 5.1250,
            "width": 4.0000,
            "depth": 0.1880
        },
        {
            "C_item_row": 5528,
            "C_engine_row": 8879,
            "item": "118-8353",
            "sale_item": "18-8353",
            "desclong": "Oil Seal",
            "descshort": "Oil Seal",
            "C_cat1_row": 13,
            "cat1_name": "Seal, O-Ring",
            "C_cat2_row": 544,
            "cat2_name": "Seal Kits, Oil Seals",
            "C_pl_row": 1,
            "product_line": "Sierra ",
            "height": 11.2500,
            "width": 6.0000,
            "depth": 0.3750
        },
        {
            "C_item_row": 5599,
            "C_engine_row": 8879,
            "item": "118-2074",
            "sale_item": "18-2074",
            "desclong": "Oil Seal",
            "descshort": "Oil Seal",
            "C_cat1_row": 13,
            "cat1_name": "Seal, O-Ring",
            "C_cat2_row": 544,
            "cat2_name": "Seal Kits, Oil Seals",
            "C_pl_row": 1,
            "product_line": "Sierra ",
            "height": 7.1300,
            "width": 6.0000,
            "depth": 0.2500
        },
        {
            "C_item_row": 5812,
            "C_engine_row": 8879,
            "item": "118-0540",
            "sale_item": "18-0540",
            "desclong": "Exhaust Leg Rubber Seal",
            "descshort": "Exhaust Leg Rubber Seal",
            "C_cat1_row": 3,
            "cat1_name": "Drive Parts",
            "C_cat2_row": 42,
            "cat2_name": "Seal, O-Ring",
            "C_pl_row": 1,
            "product_line": "Sierra ",
            "height": 7.1300,
            "width": 6.0000,
            "depth": 0.5000
        },
        {
            "C_item_row": 5868,
            "C_engine_row": 8879,
            "item": "118-2536-9",
            "sale_item": "18-2536-9",
            "desclong": "Impeller Housing Seal (Priced Per Pkg of 5)",
            "descshort": "Impeller Housing Seal (Priced Per Pkg of 5)",
            "C_cat1_row": 2,
            "cat1_name": "Cooling Systems",
            "C_cat2_row": 20,
            "cat2_name": "Seal, O-Ring",
            "C_pl_row": 1,
            "product_line": "Sierra ",
            "height": 7.5000,
            "width": 6.0000,
            "depth": 1.1250
        },
        {
            "C_item_row": 5869,
            "C_engine_row": 8879,
            "item": "118-2536",
            "sale_item": "18-2536",
            "desclong": "Impeller Housing Seal",
            "descshort": "Impeller Housing Seal",
            "C_cat1_row": 2,
            "cat1_name": "Cooling Systems",
            "C_cat2_row": 20,
            "cat2_name": "Seal, O-Ring",
            "C_pl_row": 1,
            "product_line": "Sierra ",
            "height": 7.5000,
            "width": 6.0000,
            "depth": 1.1250
        },
        {
            "C_item_row": 5910,
            "C_engine_row": 8879,
            "item": "118-2252",
            "sale_item": "18-2252",
            "desclong": "Prop Shaft",
            "descshort": "Prop Shaft",
            "C_cat1_row": 3,
            "cat1_name": "Drive Parts",
            "C_cat2_row": 43,
            "cat2_name": "Shaft",
            "C_pl_row": 1,
            "product_line": "Sierra ",
            "height": 2.5000,
            "width": 2.5000,
            "depth": 26.0000
        },
        {
            "C_item_row": 6069,
            "C_engine_row": 8879,
            "item": "118-5808D",
            "sale_item": "18-5808D",
            "desclong": "Solenoid (Display Pack)",
            "descshort": "Solenoid (Display Pack)",
            "C_cat1_row": 5,
            "cat1_name": "Electrical Systems",
            "C_cat2_row": 75,
            "cat2_name": "Solenoids",
            "C_pl_row": 1,
            "product_line": "Sierra ",
            "height": 7.0000,
            "width": 4.8750,
            "depth": 3.0000
        },
        {
            "C_item_row": 6072,
            "C_engine_row": 8879,
            "item": "118-5814D",
            "sale_item": "18-5814D",
            "desclong": "Solenoid (Display Pack)",
            "descshort": "Solenoid (Display Pack)",
            "C_cat1_row": 5,
            "cat1_name": "Electrical Systems",
            "C_cat2_row": 75,
            "cat2_name": "Solenoids",
            "C_pl_row": 1,
            "product_line": "Sierra ",
            "height": 7.0000,
            "width": 4.8800,
            "depth": 3.0000
        },
        {
            "C_item_row": 6079,
            "C_engine_row": 8879,
            "item": "118-5808",
            "sale_item": "18-5808",
            "desclong": "Solenoid",
            "descshort": "Solenoid",
            "C_cat1_row": 5,
            "cat1_name": "Electrical Systems",
            "C_cat2_row": 75,
            "cat2_name": "Solenoids",
            "C_pl_row": 1,
            "product_line": "Sierra ",
            "height": 3.2500,
            "width": 3.2500,
            "depth": 3.0000
        },
        {
            "C_item_row": 6092,
            "C_engine_row": 8879,
            "item": "118-5814",
            "sale_item": "18-5814",
            "desclong": "Solenoid",
            "descshort": "Solenoid",
            "C_cat1_row": 5,
            "cat1_name": "Electrical Systems",
            "C_cat2_row": 75,
            "cat2_name": "Solenoids",
            "C_pl_row": 1,
            "product_line": "Sierra ",
            "height": 3.5000,
            "width": 4.1300,
            "depth": 2.5000
        },
        {
            "C_item_row": 6186,
            "C_engine_row": 8879,
            "item": "118-5759",
            "sale_item": "18-5759",
            "desclong": "Power Pack",
            "descshort": "Power Pack",
            "C_cat1_row": 8,
            "cat1_name": "Ignition Systems",
            "C_cat2_row": 111,
            "cat2_name": "Switch Box/Powerpack",
            "C_pl_row": 1,
            "product_line": "Sierra ",
            "height": 4.7500,
            "width": 5.2500,
            "depth": 3.5000
        },
        {
            "C_item_row": 6311,
            "C_engine_row": 8879,
            "item": "118-3543",
            "sale_item": "18-3543",
            "desclong": "Thermostat",
            "descshort": "Thermostat",
            "C_cat1_row": 2,
            "cat1_name": "Cooling Systems",
            "C_cat2_row": 21,
            "cat2_name": "Thermostat",
            "C_pl_row": 1,
            "product_line": "Sierra ",
            "height": 5.1250,
            "width": 4.0000,
            "depth": 1.0000
        },
        {
            "C_item_row": 7310,
            "C_engine_row": 8879,
            "item": "18-5176",
            "sale_item": "18-5176",
            "desclong": "Coil Kit",
            "descshort": "Coil Kit",
            "C_cat1_row": 8,
            "cat1_name": "Ignition Systems",
            "C_cat2_row": 97,
            "cat2_name": "Coils",
            "C_pl_row": 1,
            "product_line": "Sierra ",
            "height": 7.1250,
            "width": 6.0000,
            "depth": 1.5000
        },
        {
            "C_item_row": 7411,
            "C_engine_row": 8879,
            "item": "18-4255",
            "sale_item": "18-4255",
            "desclong": "Drain Screw",
            "descshort": "Drain Screw",
            "C_cat1_row": 3,
            "cat1_name": "Drive Parts",
            "C_cat2_row": 31,
            "cat2_name": "Drain Screw",
            "C_pl_row": 1,
            "product_line": "Sierra ",
            "height": 0.0000,
            "width": 0.0000,
            "depth": 0.0000
        },
        {
            "C_item_row": 36175,
            "C_engine_row": 8879,
            "item": "318-3059",
            "sale_item": "318-3059",
            "desclong": "Impeller ",
            "descshort": "Impeller ",
            "C_cat1_row": 2,
            "cat1_name": "Cooling Systems",
            "C_cat2_row": 11,
            "cat2_name": "Impeller",
            "C_pl_row": 1,
            "product_line": "Sierra ",
            "height": 7.5000,
            "width": 6.0000,
            "depth": 1.3150
        }
    ],
    "Total": 155,
    "AggregateResults": null,
    "Errors": null
}