{
    "Data": [
        {
            "saleItem": "18-0768",
            "quantity": "2",
            "descriptionLong": "Wear Plate Gasket",
            "descriptionShort": "Wear Plate Gasket",
            "imagePath": "18-0768.JPG"
        },
        {
            "saleItem": "18-1834",
            "quantity": "1",
            "descriptionLong": "Water Seal Damper",
            "descriptionShort": "Water Seal Damper",
            "imagePath": "18-1834.JPG"
        },
        {
            "saleItem": "18-2607",
            "quantity": "4",
            "descriptionLong": "Bolt",
            "descriptionShort": "Bolt",
            "imagePath": "18-2607.JPG"
        },
        {
            "saleItem": "18-3074",
            "quantity": "1",
            "descriptionLong": "Impeller",
            "descriptionShort": "Impeller",
            "imagePath": "18-3074_B.jpg"
        },
        {
            "saleItem": "18-3305",
            "quantity": "1",
            "descriptionLong": "Impeller Key",
            "descriptionShort": "Impeller Key",
            "imagePath": "18-3305.JPG"
        },
        {
            "saleItem": "NSS",
            "quantity": "1",
            "descriptionLong": "Cup, Insert",
            "descriptionShort": "Cup, Insert",
            "imagePath": "No Image"
        },
        {
            "saleItem": "NSS",
            "quantity": "1",
            "descriptionLong": "Plate, Wear",
            "descriptionShort": "Plate, Wear",
            "imagePath": "No Image"
        }
    ],
    "Total": 7,
    "AggregateResults": null,
    "Errors": null
}