{"Data":[{"engineId":405562,"brandId":1,"brandName":"Mercruiser Stern Drive","horsePower":"0","modelNumber":"0 STERNDRIVE","yearStart":"1965","yearStop":"1965","stroke":"4","cylinders":"4","liters":"0","cubicInchDisplacement":"0","engineCC":"0","notes":null,"description":"","serialStart":"1830753","serialStop":"2063740","serialAsText":"1830753 THRU 2063740","serialStartSearch":"01830753","serialStopSearch":"02063740","yearStartDisplay":"1965","yearStopDisplay":"1965"}],"Total":1,"AggregateResults":null,"Errors":null}