{
    "Data": [
        {
            "docRow": 7,
            "docName": "118-9420-2, 118-9420-3, 118-9420-7",
            "docType": "msds",
            "description": "10W-30 FC-W 4-Stroke Marine Outboard Engine Oil",
            "lastUpdated": "Jan 23 2017 9:56AM"
        },
        {
            "docRow": 194,
            "docName": "18-9420 10W-30 Mineral 4-Stroke Outboard Oil",
            "docType": "sds",
            "description": "Canadian SDS Sheet 10W-30 Mineral Outboard Engine Oil",
            "lastUpdated": "Aug 22 2018 11:05AM"
        }
    ],
    "Total": 2,
    "AggregateResults": null,
    "Errors": null
}