{
    "Data": [
        {        
            "itemRow": 7041,
            "item": "57899PH",
            "categoryParent": "Instrumentation",
            "categoryChild": "Gauge",
            "descriptionLong": "Speedometer Head, Amega 3\" 80 mph",
            "descriptionShort": "Speedo Head, Amega 3\" 80 mph",
            "image": "57899PH.JPG",
            "filter" : [ 
                {
                "Analog/Digital": "analog",
                "Style": "amega",
                "Type": "Tach/Hour",
                "Diameter": "3"
            
                }
            ]
        }
    ]
}