{
    "Data": [
        {
            "filter": "Application",
            "value": "AC Duct"
        },
        {
            "filter": "Application",
            "value": "Blower Hose"
        },
        {
            "filter": "Application",
            "value": "Chafing Protection for Wiring Systems"
        },
        {
            "filter": "Application",
            "value": "Cold"
        },
        {
            "filter": "Application",
            "value": "Connection from Pitot to Speedometer"
        },
        {
            "filter": "Application",
            "value": "Coupler to connect hoses"
        },
        {
            "filter": "Application",
            "value": "Dockside Washdown"
        },
        {
            "filter": "Application",
            "value": "Drain Lines Below Waterline"
        },
        {
            "filter": "Application",
            "value": "Drain Lines to Sump or Above Wateline"
        },
        {
            "filter": "Application",
            "value": "Drain Lines to Sump or Above Waterline"
        },
        {
            "filter": "Application",
            "value": "Engine Coolant Hose Severe Bend"
        },
        {
            "filter": "Application",
            "value": "Engine Coolant Hose Straight or Limited Bend"
        },
        {
            "filter": "Application",
            "value": "Engine Intake"
        },
        {
            "filter": "Application",
            "value": "Exhaust Vent Stove Head"
        },
        {
            "filter": "Application",
            "value": "Exhaust Water Injection"
        },
        {
            "filter": "Application",
            "value": "For Series 140 Hose"
        },
        {
            "filter": "Application",
            "value": "For Series 141 Hose"
        },
        {
            "filter": "Application",
            "value": "Fuel Feed Inboard/Outdrive"
        },
        {
            "filter": "Application",
            "value": "Fuel Feed Outbaord"
        },
        {
            "filter": "Application",
            "value": "Fuel Feed Outboard"
        },
        {
            "filter": "Application",
            "value": "Fuel Tank Fill"
        },
        {
            "filter": "Application",
            "value": "Fuel Tank Vent Inboard"
        },
        {
            "filter": "Application",
            "value": "Fuel Tank Vent Outboard"
        },
        {
            "filter": "Application",
            "value": "Generator Intake"
        },
        {
            "filter": "Application",
            "value": "Hand Bilge Pump"
        },
        {
            "filter": "Application",
            "value": "Holding Tank Pump Out"
        },
        {
            "filter": "Application",
            "value": "Holding Tank to Overboard discharge"
        },
        {
            "filter": "Application",
            "value": "Holding Tank Vent"
        },
        {
            "filter": "Application",
            "value": "Hot"
        },
        {
            "filter": "Application",
            "value": "Livewell Below Waterline"
        },
        {
            "filter": "Application",
            "value": "Livewell Drain Above Waterline"
        },
        {
            "filter": "Application",
            "value": "Livewell Drain Below Waterline"
        },
        {
            "filter": "Application",
            "value": "Livewell Inlet"
        },
        {
            "filter": "Application",
            "value": "Non-Pressurized Supply"
        },
        {
            "filter": "Application",
            "value": "Oil Tank Fill"
        },
        {
            "filter": "Application",
            "value": "Potable Water"
        },
        {
            "filter": "Application",
            "value": "Protection for Outboard Rigging Cables"
        },
        {
            "filter": "Application",
            "value": "Remote Bilge Pump"
        },
        {
            "filter": "Application",
            "value": "Scissor Cut Conduit"
        },
        {
            "filter": "Application",
            "value": "Submergible Bilge Pump"
        },
        {
            "filter": "Application",
            "value": "Submersible Bilge Pump"
        },
        {
            "filter": "Application",
            "value": "Toilet to Holding Tank"
        },
        {
            "filter": "Application",
            "value": "Toilet Water Inlet"
        },
        {
            "filter": "Application",
            "value": "Used under Fuel Tanks"
        },
        {
            "filter": "Application",
            "value": "Water Tank Fill"
        },
        {
            "filter": "Application",
            "value": "Water Tank Vent"
        },
        {
            "filter": "Certification",
            "value": "No"
        },
        {
            "filter": "Certification",
            "value": "Yes"
        },
        {
            "filter": "Flexibility",
            "value": "1"
        },
        {
            "filter": "Flexibility",
            "value": "2"
        },
        {
            "filter": "Flexibility",
            "value": "3"
        },
        {
            "filter": "ID",
            "value": "1"
        },
        {
            "filter": "ID",
            "value": "1 1/2"
        },
        {
            "filter": "ID",
            "value": "1 1/4"
        },
        {
            "filter": "ID",
            "value": "1 1/8"
        },
        {
            "filter": "ID",
            "value": "1 3/4"
        },
        {
            "filter": "ID",
            "value": "1 3/8"
        },
        {
            "filter": "ID",
            "value": "1 5/16"
        },
        {
            "filter": "ID",
            "value": "1 5/8"
        },
        {
            "filter": "ID",
            "value": "1 7/8"
        },
        {
            "filter": "ID",
            "value": "1/2"
        },
        {
            "filter": "ID",
            "value": "1/4"
        },
        {
            "filter": "ID",
            "value": "1/8"
        },
        {
            "filter": "ID",
            "value": "10"
        },
        {
            "filter": "ID",
            "value": "12"
        },
        {
            "filter": "ID",
            "value": "14"
        },
        {
            "filter": "ID",
            "value": "16"
        },
        {
            "filter": "ID",
            "value": "2"
        },
        {
            "filter": "ID",
            "value": "2 1/2"
        },
        {
            "filter": "ID",
            "value": "2 1/4"
        },
        {
            "filter": "ID",
            "value": "2 1/8"
        },
        {
            "filter": "ID",
            "value": "2 3/4"
        },
        {
            "filter": "ID",
            "value": "2 3/8"
        },
        {
            "filter": "ID",
            "value": "2 5/8"
        },
        {
            "filter": "ID",
            "value": "2 7/8"
        },
        {
            "filter": "ID",
            "value": "3"
        },
        {
            "filter": "ID",
            "value": "3 1/2"
        },
        {
            "filter": "ID",
            "value": "3 1/4"
        },
        {
            "filter": "ID",
            "value": "3 1/8"
        },
        {
            "filter": "ID",
            "value": "3 3/4"
        },
        {
            "filter": "ID",
            "value": "3/16"
        },
        {
            "filter": "ID",
            "value": "3/4"
        },
        {
            "filter": "ID",
            "value": "3/8"
        },
        {
            "filter": "ID",
            "value": "4"
        },
        {
            "filter": "ID",
            "value": "4 1/2"
        },
        {
            "filter": "ID",
            "value": "4 1/8"
        },
        {
            "filter": "ID",
            "value": "5"
        },
        {
            "filter": "ID",
            "value": "5/16"
        },
        {
            "filter": "ID",
            "value": "5/8"
        },
        {
            "filter": "ID",
            "value": "6"
        },
        {
            "filter": "ID",
            "value": "7"
        },
        {
            "filter": "ID",
            "value": "7/8"
        },
        {
            "filter": "ID",
            "value": "8"
        },
        {
            "filter": "Type",
            "value": "Bilge and Livewell "
        },
        {
            "filter": "Type",
            "value": "Clamps"
        },
        {
            "filter": "Type",
            "value": "Conduit "
        },
        {
            "filter": "Type",
            "value": "Connectors "
        },
        {
            "filter": "Type",
            "value": "Die Set"
        },
        {
            "filter": "Type",
            "value": "EPDM"
        },
        {
            "filter": "Type",
            "value": "Fittings"
        },
        {
            "filter": "Type",
            "value": "Fuel"
        },
        {
            "filter": "Type",
            "value": "Kit"
        },
        {
            "filter": "Type",
            "value": "Miscellaneous"
        },
        {
            "filter": "Type",
            "value": "Neoprene"
        },
        {
            "filter": "Type",
            "value": "Obsolete/Phase Out"
        },
        {
            "filter": "Type",
            "value": "PVC & Reinforced Tubing "
        },
        {
            "filter": "Type",
            "value": "Rubber Exhaust "
        },
        {
            "filter": "Type",
            "value": "Sanitation"
        },
        {
            "filter": "Type",
            "value": "Sheet Rubber "
        },
        {
            "filter": "Type",
            "value": "Silicone Exhaust"
        },
        {
            "filter": "Type",
            "value": "Vent and Duct "
        },
        {
            "filter": "Type",
            "value": "Vise"
        },
        {
            "filter": "Type",
            "value": "Water/Heater "
        }
    ],
    "Total": 113,
    "AggregateResults": null,
    "Errors": null
}