{"Data":[{"parentCategoryId":2,"parentCategory":"Cooling Systems","productLineId":1,"childCategoryId":11,"childCategory":"Impeller","productLine":"Sierra "},{"parentCategoryId":2,"parentCategory":"Cooling Systems","productLineId":1,"childCategoryId":16,"childCategory":"Miscellaneous","productLine":"Sierra "},{"parentCategoryId":2,"parentCategory":"Cooling Systems","productLineId":1,"childCategoryId":20,"childCategory":"Seal, O-Ring","productLine":"Sierra "},{"parentCategoryId":2,"parentCategory":"Cooling Systems","productLineId":1,"childCategoryId":21,"childCategory":"Thermostat","productLine":"Sierra "},{"parentCategoryId":2,"parentCategory":"Cooling Systems","productLineId":1,"childCategoryId":505,"childCategory":"Obsolete/Phase Out","productLine":"Sierra "},{"parentCategoryId":3,"parentCategory":"Drive Parts","productLineId":1,"childCategoryId":25,"childCategory":"Anodes","productLine":"Sierra "},{"parentCategoryId":3,"parentCategory":"Drive Parts","productLineId":1,"childCategoryId":26,"childCategory":"Bearings","productLine":"Sierra "},{"parentCategoryId":3,"parentCategory":"Drive Parts","productLineId":1,"childCategoryId":27,"childCategory":"Bellows","productLine":"Sierra "},{"parentCategoryId":3,"parentCategory":"Drive Parts","productLineId":1,"childCategoryId":31,"childCategory":"Drain Screw","productLine":"Sierra "},{"parentCategoryId":3,"parentCategory":"Drive Parts","productLineId":1,"childCategoryId":33,"childCategory":"Gaskets/Matl/Sets","productLine":"Sierra "},{"parentCategoryId":3,"parentCategory":"Drive Parts","productLineId":1,"childCategoryId":37,"childCategory":"Miscellaneous","productLine":"Sierra "},{"parentCategoryId":3,"parentCategory":"Drive Parts","productLineId":1,"childCategoryId":38,"childCategory":"Obsolete/Phase Out","productLine":"Sierra "},{"parentCategoryId":3,"parentCategory":"Drive Parts","productLineId":1,"childCategoryId":510,"childCategory":"Hardware","productLine":"Sierra "},{"parentCategoryId":5,"parentCategory":"Electrical Systems","productLineId":1,"childCategoryId":75,"childCategory":"Solenoids","productLine":"Sierra "},{"parentCategoryId":5,"parentCategory":"Electrical Systems","productLineId":1,"childCategoryId":527,"childCategory":"Obsolete/Phase Out","productLine":"Sierra "},{"parentCategoryId":8,"parentCategory":"Ignition Systems","productLineId":1,"childCategoryId":97,"childCategory":"Coils","productLine":"Sierra "},{"parentCategoryId":8,"parentCategory":"Ignition Systems","productLineId":1,"childCategoryId":106,"childCategory":"Obsolete/Phase Out","productLine":"Sierra "},{"parentCategoryId":10,"parentCategory":"Internal Engine","productLineId":1,"childCategoryId":118,"childCategory":"Oil Filters","productLine":"Sierra "},{"parentCategoryId":10,"parentCategory":"Internal Engine","productLineId":1,"childCategoryId":535,"childCategory":"Obsolete/Phase Out","productLine":"Sierra "},{"parentCategoryId":12,"parentCategory":"Other","productLineId":1,"childCategoryId":131,"childCategory":"Hardware","productLine":"Sierra "},{"parentCategoryId":12,"parentCategory":"Other","productLineId":1,"childCategoryId":541,"childCategory":"Obsolete/Phase Out","productLine":"Sierra "},{"parentCategoryId":13,"parentCategory":"Seal, O-Ring","productLineId":1,"childCategoryId":144,"childCategory":"O-Ring","productLine":"Sierra "},{"parentCategoryId":13,"parentCategory":"Seal, O-Ring","productLineId":1,"childCategoryId":145,"childCategory":"Obsolete/Phase Out","productLine":"Sierra "},{"parentCategoryId":13,"parentCategory":"Seal, O-Ring","productLineId":1,"childCategoryId":544,"childCategory":"Seal Kits, Oil Seals","productLine":"Sierra "}],"Total":24,"AggregateResults":null,"Errors":null}